--------------------------------------------------------
--  파일이 생성됨 - 화요일-2월-01-2022   
--------------------------------------------------------
--------------------------------------------------------
--  DDL for Table 고객
--------------------------------------------------------

  CREATE TABLE "고객" 
   (	"고객번호" VARCHAR2(9), 
	"고객명" VARCHAR2(20), 
	"생년월일" VARCHAR2(8), 
	"성별" VARCHAR2(4), 
	"생성일시" DATE
   ) ;
--------------------------------------------------------
--  DDL for Table 고객전화번호
--------------------------------------------------------

  CREATE TABLE "고객전화번호" 
   (	"고객번호" VARCHAR2(9), 
	"전화구분코드" VARCHAR2(10), 
	"전화번호" VARCHAR2(13), 
	"생성일시" DATE
   ) ;
--------------------------------------------------------
--  DDL for Table 고객전화번호이력
--------------------------------------------------------

  CREATE TABLE "고객전화번호이력" 
   (	"고객번호" VARCHAR2(9), 
	"전화구분코드" VARCHAR2(10), 
	"전화번호순번" NUMBER, 
	"전화번호" VARCHAR2(13), 
	"생성일시" DATE
   ) ;
--------------------------------------------------------
--  DDL for Table 고객주소
--------------------------------------------------------

  CREATE TABLE "고객주소" 
   (	"고객번호" VARCHAR2(9), 
	"주소구분코드" VARCHAR2(8), 
	"고객주소" VARCHAR2(100), 
	"생성일시" DATE
   ) ;
--------------------------------------------------------
--  DDL for Table 고객주소이력
--------------------------------------------------------

  CREATE TABLE "고객주소이력" 
   (	"고객번호" VARCHAR2(9), 
	"주소구분코드" VARCHAR2(8), 
	"주소순번" NUMBER, 
	"고객주소" VARCHAR2(100), 
	"생성일시" DATE
   ) ;
--------------------------------------------------------
--  DDL for Table 매체별제공영상
--------------------------------------------------------

  CREATE TABLE "매체별제공영상" 
   (	"매체번호" NUMBER, 
	"영상번호" NUMBER, 
	"영상명" VARCHAR2(100), 
	"영상업로드일시" DATE
   ) ;
--------------------------------------------------------
--  DDL for Table 스트리밍매체
--------------------------------------------------------

  CREATE TABLE "스트리밍매체" 
   (	"매체번호" NUMBER, 
	"매체명" VARCHAR2(10), 
	"매체생성일시" DATE
   ) ;
--------------------------------------------------------
--  DDL for Table 시청기록
--------------------------------------------------------

  CREATE TABLE "시청기록" 
   (	"고객번호" VARCHAR2(9), 
	"매체번호" NUMBER, 
	"영상번호" NUMBER, 
	"시청일시" DATE, 
	"영상길이" NUMBER
   ) ;
--------------------------------------------------------
--  DDL for Table 시청기록이력
--------------------------------------------------------

  CREATE TABLE "시청기록이력" 
   (	"고객번호" VARCHAR2(9), 
	"매체번호" NUMBER, 
	"영상번호" NUMBER, 
	"시청일시" DATE, 
	"영상길이" NUMBER, 
	"덤프회차" VARCHAR2(5)
   ) ;
REM INSERTING into "고객"
SET DEFINE OFF;
Insert into "고객" ("고객번호","고객명","생년월일","성별","생성일시") values ('0001','고객명1','20210102','여',to_date('20/01/28','RR/MM/DD'));
Insert into "고객" ("고객번호","고객명","생년월일","성별","생성일시") values ('0002','고객명2','20210103','남',to_date('20/01/29','RR/MM/DD'));
Insert into "고객" ("고객번호","고객명","생년월일","성별","생성일시") values ('0003','고객명3','20210104','여',to_date('20/01/30','RR/MM/DD'));
Insert into "고객" ("고객번호","고객명","생년월일","성별","생성일시") values ('0004','고객명4','20210105','남',to_date('20/01/31','RR/MM/DD'));
Insert into "고객" ("고객번호","고객명","생년월일","성별","생성일시") values ('0005','고객명5','20210106','여',to_date('20/02/01','RR/MM/DD'));
Insert into "고객" ("고객번호","고객명","생년월일","성별","생성일시") values ('0006','고객명6','20210107','남',to_date('20/02/02','RR/MM/DD'));
Insert into "고객" ("고객번호","고객명","생년월일","성별","생성일시") values ('0007','고객명7','20210108','여',to_date('20/02/03','RR/MM/DD'));
Insert into "고객" ("고객번호","고객명","생년월일","성별","생성일시") values ('0008','고객명8','20210109','남',to_date('20/02/04','RR/MM/DD'));
Insert into "고객" ("고객번호","고객명","생년월일","성별","생성일시") values ('0009','고객명9','20210110','여',to_date('20/02/05','RR/MM/DD'));
Insert into "고객" ("고객번호","고객명","생년월일","성별","생성일시") values ('0010','고객명10','20210111','남',to_date('20/02/06','RR/MM/DD'));
Insert into "고객" ("고객번호","고객명","생년월일","성별","생성일시") values ('0011','고객명11','20210112','여',to_date('20/02/07','RR/MM/DD'));
Insert into "고객" ("고객번호","고객명","생년월일","성별","생성일시") values ('0012','고객명12','20210113','남',to_date('20/02/08','RR/MM/DD'));
Insert into "고객" ("고객번호","고객명","생년월일","성별","생성일시") values ('0013','고객명13','20210114','여',to_date('20/02/09','RR/MM/DD'));
Insert into "고객" ("고객번호","고객명","생년월일","성별","생성일시") values ('0014','고객명14','20210115','남',to_date('20/02/10','RR/MM/DD'));
Insert into "고객" ("고객번호","고객명","생년월일","성별","생성일시") values ('0015','고객명15','20210116','여',to_date('20/02/11','RR/MM/DD'));
Insert into "고객" ("고객번호","고객명","생년월일","성별","생성일시") values ('0016','고객명16','20210117','남',to_date('20/02/12','RR/MM/DD'));
Insert into "고객" ("고객번호","고객명","생년월일","성별","생성일시") values ('0017','고객명17','20210118','여',to_date('20/02/13','RR/MM/DD'));
Insert into "고객" ("고객번호","고객명","생년월일","성별","생성일시") values ('0018','고객명18','20210119','남',to_date('20/02/14','RR/MM/DD'));
Insert into "고객" ("고객번호","고객명","생년월일","성별","생성일시") values ('0019','고객명19','20210120','여',to_date('20/02/15','RR/MM/DD'));
Insert into "고객" ("고객번호","고객명","생년월일","성별","생성일시") values ('0020','고객명20','20210121','남',to_date('20/02/16','RR/MM/DD'));
Insert into "고객" ("고객번호","고객명","생년월일","성별","생성일시") values ('0021','고객명21','20210122','여',to_date('20/02/17','RR/MM/DD'));
Insert into "고객" ("고객번호","고객명","생년월일","성별","생성일시") values ('0022','고객명22','20210123','남',to_date('20/02/18','RR/MM/DD'));
Insert into "고객" ("고객번호","고객명","생년월일","성별","생성일시") values ('0023','고객명23','20210124','여',to_date('20/02/19','RR/MM/DD'));
Insert into "고객" ("고객번호","고객명","생년월일","성별","생성일시") values ('0024','고객명24','20210125','남',to_date('20/02/20','RR/MM/DD'));
Insert into "고객" ("고객번호","고객명","생년월일","성별","생성일시") values ('0025','고객명25','20210126','여',to_date('20/02/21','RR/MM/DD'));
Insert into "고객" ("고객번호","고객명","생년월일","성별","생성일시") values ('0026','고객명26','20210127','남',to_date('20/02/22','RR/MM/DD'));
Insert into "고객" ("고객번호","고객명","생년월일","성별","생성일시") values ('0027','고객명27','20210128','여',to_date('20/02/23','RR/MM/DD'));
Insert into "고객" ("고객번호","고객명","생년월일","성별","생성일시") values ('0028','고객명28','20210129','남',to_date('20/02/24','RR/MM/DD'));
Insert into "고객" ("고객번호","고객명","생년월일","성별","생성일시") values ('0029','고객명29','20210130','여',to_date('20/02/25','RR/MM/DD'));
Insert into "고객" ("고객번호","고객명","생년월일","성별","생성일시") values ('0030','고객명30','20210131','남',to_date('20/02/26','RR/MM/DD'));
Insert into "고객" ("고객번호","고객명","생년월일","성별","생성일시") values ('0031','고객명31','20210201','여',to_date('20/02/27','RR/MM/DD'));
Insert into "고객" ("고객번호","고객명","생년월일","성별","생성일시") values ('0032','고객명32','20210202','남',to_date('20/02/28','RR/MM/DD'));
Insert into "고객" ("고객번호","고객명","생년월일","성별","생성일시") values ('0033','고객명33','20210203','여',to_date('20/02/29','RR/MM/DD'));
Insert into "고객" ("고객번호","고객명","생년월일","성별","생성일시") values ('0034','고객명34','20210204','남',to_date('20/03/01','RR/MM/DD'));
Insert into "고객" ("고객번호","고객명","생년월일","성별","생성일시") values ('0035','고객명35','20210205','여',to_date('20/03/02','RR/MM/DD'));
Insert into "고객" ("고객번호","고객명","생년월일","성별","생성일시") values ('0036','고객명36','20210206','남',to_date('20/03/03','RR/MM/DD'));
Insert into "고객" ("고객번호","고객명","생년월일","성별","생성일시") values ('0037','고객명37','20210207','여',to_date('20/03/04','RR/MM/DD'));
Insert into "고객" ("고객번호","고객명","생년월일","성별","생성일시") values ('0038','고객명38','20210208','남',to_date('20/03/05','RR/MM/DD'));
Insert into "고객" ("고객번호","고객명","생년월일","성별","생성일시") values ('0039','고객명39','20210209','여',to_date('20/03/06','RR/MM/DD'));
Insert into "고객" ("고객번호","고객명","생년월일","성별","생성일시") values ('0040','고객명40','20210210','남',to_date('20/03/07','RR/MM/DD'));
Insert into "고객" ("고객번호","고객명","생년월일","성별","생성일시") values ('0041','고객명41','20210211','여',to_date('20/03/08','RR/MM/DD'));
Insert into "고객" ("고객번호","고객명","생년월일","성별","생성일시") values ('0042','고객명42','20210212','남',to_date('20/03/09','RR/MM/DD'));
Insert into "고객" ("고객번호","고객명","생년월일","성별","생성일시") values ('0043','고객명43','20210213','여',to_date('20/03/10','RR/MM/DD'));
Insert into "고객" ("고객번호","고객명","생년월일","성별","생성일시") values ('0044','고객명44','20210214','남',to_date('20/03/11','RR/MM/DD'));
Insert into "고객" ("고객번호","고객명","생년월일","성별","생성일시") values ('0045','고객명45','20210215','여',to_date('20/03/12','RR/MM/DD'));
Insert into "고객" ("고객번호","고객명","생년월일","성별","생성일시") values ('0046','고객명46','20210216','남',to_date('20/03/13','RR/MM/DD'));
Insert into "고객" ("고객번호","고객명","생년월일","성별","생성일시") values ('0047','고객명47','20210217','여',to_date('20/03/14','RR/MM/DD'));
Insert into "고객" ("고객번호","고객명","생년월일","성별","생성일시") values ('0048','고객명48','20210218','남',to_date('20/03/15','RR/MM/DD'));
Insert into "고객" ("고객번호","고객명","생년월일","성별","생성일시") values ('0049','고객명49','20210219','여',to_date('20/03/16','RR/MM/DD'));
Insert into "고객" ("고객번호","고객명","생년월일","성별","생성일시") values ('0050','고객명50','20210220','남',to_date('20/03/17','RR/MM/DD'));
Insert into "고객" ("고객번호","고객명","생년월일","성별","생성일시") values ('0051','고객명51','20210221','여',to_date('20/03/18','RR/MM/DD'));
Insert into "고객" ("고객번호","고객명","생년월일","성별","생성일시") values ('0052','고객명52','20210222','남',to_date('20/03/19','RR/MM/DD'));
Insert into "고객" ("고객번호","고객명","생년월일","성별","생성일시") values ('0053','고객명53','20210223','여',to_date('20/03/20','RR/MM/DD'));
Insert into "고객" ("고객번호","고객명","생년월일","성별","생성일시") values ('0054','고객명54','20210224','남',to_date('20/03/21','RR/MM/DD'));
Insert into "고객" ("고객번호","고객명","생년월일","성별","생성일시") values ('0055','고객명55','20210225','여',to_date('20/03/22','RR/MM/DD'));
Insert into "고객" ("고객번호","고객명","생년월일","성별","생성일시") values ('0056','고객명56','20210226','남',to_date('20/03/23','RR/MM/DD'));
Insert into "고객" ("고객번호","고객명","생년월일","성별","생성일시") values ('0057','고객명57','20210227','여',to_date('20/03/24','RR/MM/DD'));
Insert into "고객" ("고객번호","고객명","생년월일","성별","생성일시") values ('0058','고객명58','20210228','남',to_date('20/03/25','RR/MM/DD'));
Insert into "고객" ("고객번호","고객명","생년월일","성별","생성일시") values ('0059','고객명59','20210301','여',to_date('20/03/26','RR/MM/DD'));
Insert into "고객" ("고객번호","고객명","생년월일","성별","생성일시") values ('0060','고객명60','20210302','남',to_date('20/03/27','RR/MM/DD'));
Insert into "고객" ("고객번호","고객명","생년월일","성별","생성일시") values ('0061','고객명61','20210303','여',to_date('20/03/28','RR/MM/DD'));
Insert into "고객" ("고객번호","고객명","생년월일","성별","생성일시") values ('0062','고객명62','20210304','남',to_date('20/03/29','RR/MM/DD'));
Insert into "고객" ("고객번호","고객명","생년월일","성별","생성일시") values ('0063','고객명63','20210305','여',to_date('20/03/30','RR/MM/DD'));
Insert into "고객" ("고객번호","고객명","생년월일","성별","생성일시") values ('0064','고객명64','20210306','남',to_date('20/03/31','RR/MM/DD'));
Insert into "고객" ("고객번호","고객명","생년월일","성별","생성일시") values ('0065','고객명65','20210307','여',to_date('20/04/01','RR/MM/DD'));
Insert into "고객" ("고객번호","고객명","생년월일","성별","생성일시") values ('0066','고객명66','20210308','남',to_date('20/04/02','RR/MM/DD'));
Insert into "고객" ("고객번호","고객명","생년월일","성별","생성일시") values ('0067','고객명67','20210309','여',to_date('20/04/03','RR/MM/DD'));
Insert into "고객" ("고객번호","고객명","생년월일","성별","생성일시") values ('0068','고객명68','20210310','남',to_date('20/04/04','RR/MM/DD'));
Insert into "고객" ("고객번호","고객명","생년월일","성별","생성일시") values ('0069','고객명69','20210311','여',to_date('20/04/05','RR/MM/DD'));
Insert into "고객" ("고객번호","고객명","생년월일","성별","생성일시") values ('0070','고객명70','20210312','남',to_date('20/04/06','RR/MM/DD'));
Insert into "고객" ("고객번호","고객명","생년월일","성별","생성일시") values ('0071','고객명71','20210313','여',to_date('20/04/07','RR/MM/DD'));
Insert into "고객" ("고객번호","고객명","생년월일","성별","생성일시") values ('0072','고객명72','20210314','남',to_date('20/04/08','RR/MM/DD'));
Insert into "고객" ("고객번호","고객명","생년월일","성별","생성일시") values ('0073','고객명73','20210315','여',to_date('20/04/09','RR/MM/DD'));
Insert into "고객" ("고객번호","고객명","생년월일","성별","생성일시") values ('0074','고객명74','20210316','남',to_date('20/04/10','RR/MM/DD'));
Insert into "고객" ("고객번호","고객명","생년월일","성별","생성일시") values ('0075','고객명75','20210317','여',to_date('20/04/11','RR/MM/DD'));
Insert into "고객" ("고객번호","고객명","생년월일","성별","생성일시") values ('0076','고객명76','20210318','남',to_date('20/04/12','RR/MM/DD'));
Insert into "고객" ("고객번호","고객명","생년월일","성별","생성일시") values ('0077','고객명77','20210319','여',to_date('20/04/13','RR/MM/DD'));
Insert into "고객" ("고객번호","고객명","생년월일","성별","생성일시") values ('0078','고객명78','20210320','남',to_date('20/04/14','RR/MM/DD'));
Insert into "고객" ("고객번호","고객명","생년월일","성별","생성일시") values ('0079','고객명79','20210321','여',to_date('20/04/15','RR/MM/DD'));
Insert into "고객" ("고객번호","고객명","생년월일","성별","생성일시") values ('0080','고객명80','20210322','남',to_date('20/04/16','RR/MM/DD'));
Insert into "고객" ("고객번호","고객명","생년월일","성별","생성일시") values ('0081','고객명81','20210323',null,to_date('20/04/17','RR/MM/DD'));
Insert into "고객" ("고객번호","고객명","생년월일","성별","생성일시") values ('0082','고객명82','20210324',null,to_date('20/04/18','RR/MM/DD'));
Insert into "고객" ("고객번호","고객명","생년월일","성별","생성일시") values ('0083','고객명83','20210325',null,to_date('20/04/19','RR/MM/DD'));
Insert into "고객" ("고객번호","고객명","생년월일","성별","생성일시") values ('0084','고객명84','20210326',null,to_date('20/04/20','RR/MM/DD'));
Insert into "고객" ("고객번호","고객명","생년월일","성별","생성일시") values ('0085','고객명85','20210327',null,to_date('20/04/21','RR/MM/DD'));
Insert into "고객" ("고객번호","고객명","생년월일","성별","생성일시") values ('0086','고객명86','20210328',null,to_date('20/04/22','RR/MM/DD'));
Insert into "고객" ("고객번호","고객명","생년월일","성별","생성일시") values ('0087','고객명87','20210329',null,to_date('20/04/23','RR/MM/DD'));
Insert into "고객" ("고객번호","고객명","생년월일","성별","생성일시") values ('0088','고객명88','20210330',null,to_date('20/04/24','RR/MM/DD'));
Insert into "고객" ("고객번호","고객명","생년월일","성별","생성일시") values ('0089','고객명89','20210331',null,to_date('20/04/25','RR/MM/DD'));
Insert into "고객" ("고객번호","고객명","생년월일","성별","생성일시") values ('0090','고객명90','20210401',null,to_date('20/04/26','RR/MM/DD'));
Insert into "고객" ("고객번호","고객명","생년월일","성별","생성일시") values ('0091','고객명91','20210402',null,to_date('20/04/27','RR/MM/DD'));
Insert into "고객" ("고객번호","고객명","생년월일","성별","생성일시") values ('0092','고객명92','20210403',null,to_date('20/04/28','RR/MM/DD'));
Insert into "고객" ("고객번호","고객명","생년월일","성별","생성일시") values ('0093','고객명93','20210404',null,to_date('20/04/29','RR/MM/DD'));
Insert into "고객" ("고객번호","고객명","생년월일","성별","생성일시") values ('0094','고객명94','20210405',null,to_date('20/04/30','RR/MM/DD'));
Insert into "고객" ("고객번호","고객명","생년월일","성별","생성일시") values ('0095','고객명95','20210406',null,to_date('20/05/01','RR/MM/DD'));
Insert into "고객" ("고객번호","고객명","생년월일","성별","생성일시") values ('0096','고객명96','20210407',null,to_date('20/05/02','RR/MM/DD'));
Insert into "고객" ("고객번호","고객명","생년월일","성별","생성일시") values ('0097','고객명97','20210408',null,to_date('20/05/03','RR/MM/DD'));
Insert into "고객" ("고객번호","고객명","생년월일","성별","생성일시") values ('0098','고객명98','20210409',null,to_date('20/05/04','RR/MM/DD'));
Insert into "고객" ("고객번호","고객명","생년월일","성별","생성일시") values ('0099','고객명99','20210410',null,to_date('20/05/05','RR/MM/DD'));
Insert into "고객" ("고객번호","고객명","생년월일","성별","생성일시") values ('0100','고객명100','20210411',null,to_date('20/05/06','RR/MM/DD'));
REM INSERTING into "고객전화번호"
SET DEFINE OFF;
Insert into "고객전화번호" ("고객번호","전화구분코드","전화번호","생성일시") values ('0001','휴대폰','010-0000-0001',to_date('20/01/28','RR/MM/DD'));
Insert into "고객전화번호" ("고객번호","전화구분코드","전화번호","생성일시") values ('0001','집전화','02-000-0002',to_date('20/01/29','RR/MM/DD'));
Insert into "고객전화번호" ("고객번호","전화구분코드","전화번호","생성일시") values ('0002','휴대폰','010-0000-0003',to_date('20/01/30','RR/MM/DD'));
Insert into "고객전화번호" ("고객번호","전화구분코드","전화번호","생성일시") values ('0002','집전화','02-000-0004',to_date('20/01/31','RR/MM/DD'));
Insert into "고객전화번호" ("고객번호","전화구분코드","전화번호","생성일시") values ('0003','휴대폰','010-0000-0005',to_date('20/02/01','RR/MM/DD'));
Insert into "고객전화번호" ("고객번호","전화구분코드","전화번호","생성일시") values ('0003','집전화','02-000-0006',to_date('20/02/02','RR/MM/DD'));
Insert into "고객전화번호" ("고객번호","전화구분코드","전화번호","생성일시") values ('0004','휴대폰','010-0000-0007',to_date('20/02/03','RR/MM/DD'));
Insert into "고객전화번호" ("고객번호","전화구분코드","전화번호","생성일시") values ('0004','집전화','02-000-0008',to_date('20/02/04','RR/MM/DD'));
Insert into "고객전화번호" ("고객번호","전화구분코드","전화번호","생성일시") values ('0005','휴대폰','010-0000-0009',to_date('20/02/05','RR/MM/DD'));
Insert into "고객전화번호" ("고객번호","전화구분코드","전화번호","생성일시") values ('0005','집전화','02-000-0010',to_date('20/02/06','RR/MM/DD'));
Insert into "고객전화번호" ("고객번호","전화구분코드","전화번호","생성일시") values ('0006','휴대폰','010-0000-0011',to_date('20/02/07','RR/MM/DD'));
Insert into "고객전화번호" ("고객번호","전화구분코드","전화번호","생성일시") values ('0006','집전화','02-000-0012',to_date('20/02/08','RR/MM/DD'));
Insert into "고객전화번호" ("고객번호","전화구분코드","전화번호","생성일시") values ('0007','휴대폰','010-0000-0013',to_date('20/02/09','RR/MM/DD'));
Insert into "고객전화번호" ("고객번호","전화구분코드","전화번호","생성일시") values ('0007','집전화','02-000-0014',to_date('20/02/10','RR/MM/DD'));
Insert into "고객전화번호" ("고객번호","전화구분코드","전화번호","생성일시") values ('0008','휴대폰','010-0000-0015',to_date('20/02/11','RR/MM/DD'));
Insert into "고객전화번호" ("고객번호","전화구분코드","전화번호","생성일시") values ('0008','집전화','02-000-0016',to_date('20/02/12','RR/MM/DD'));
Insert into "고객전화번호" ("고객번호","전화구분코드","전화번호","생성일시") values ('0009','휴대폰','010-0000-0017',to_date('20/02/13','RR/MM/DD'));
Insert into "고객전화번호" ("고객번호","전화구분코드","전화번호","생성일시") values ('0009','집전화','02-000-0018',to_date('20/02/14','RR/MM/DD'));
Insert into "고객전화번호" ("고객번호","전화구분코드","전화번호","생성일시") values ('0010','휴대폰','010-0000-0019',to_date('20/02/15','RR/MM/DD'));
Insert into "고객전화번호" ("고객번호","전화구분코드","전화번호","생성일시") values ('0010','집전화','02-000-0020',to_date('20/02/16','RR/MM/DD'));
Insert into "고객전화번호" ("고객번호","전화구분코드","전화번호","생성일시") values ('0011','휴대폰','010-0000-0021',to_date('20/02/17','RR/MM/DD'));
Insert into "고객전화번호" ("고객번호","전화구분코드","전화번호","생성일시") values ('0011','집전화','02-000-0022',to_date('20/02/18','RR/MM/DD'));
Insert into "고객전화번호" ("고객번호","전화구분코드","전화번호","생성일시") values ('0012','휴대폰','010-0000-0023',to_date('20/02/19','RR/MM/DD'));
Insert into "고객전화번호" ("고객번호","전화구분코드","전화번호","생성일시") values ('0012','집전화','02-000-0024',to_date('20/02/20','RR/MM/DD'));
Insert into "고객전화번호" ("고객번호","전화구분코드","전화번호","생성일시") values ('0013','휴대폰','010-0000-0025',to_date('20/02/21','RR/MM/DD'));
Insert into "고객전화번호" ("고객번호","전화구분코드","전화번호","생성일시") values ('0013','집전화','02-000-0026',to_date('20/02/22','RR/MM/DD'));
Insert into "고객전화번호" ("고객번호","전화구분코드","전화번호","생성일시") values ('0014','휴대폰','010-0000-0027',to_date('20/02/23','RR/MM/DD'));
Insert into "고객전화번호" ("고객번호","전화구분코드","전화번호","생성일시") values ('0014','집전화','02-000-0028',to_date('20/02/24','RR/MM/DD'));
Insert into "고객전화번호" ("고객번호","전화구분코드","전화번호","생성일시") values ('0015','휴대폰','010-0000-0029',to_date('20/02/25','RR/MM/DD'));
Insert into "고객전화번호" ("고객번호","전화구분코드","전화번호","생성일시") values ('0015','집전화','02-000-0030',to_date('20/02/26','RR/MM/DD'));
Insert into "고객전화번호" ("고객번호","전화구분코드","전화번호","생성일시") values ('0016','휴대폰','010-0000-0031',to_date('20/02/27','RR/MM/DD'));
Insert into "고객전화번호" ("고객번호","전화구분코드","전화번호","생성일시") values ('0016','집전화','02-000-0032',to_date('20/02/28','RR/MM/DD'));
Insert into "고객전화번호" ("고객번호","전화구분코드","전화번호","생성일시") values ('0017','휴대폰','010-0000-0033',to_date('20/02/29','RR/MM/DD'));
Insert into "고객전화번호" ("고객번호","전화구분코드","전화번호","생성일시") values ('0017','집전화','02-000-0034',to_date('20/03/01','RR/MM/DD'));
Insert into "고객전화번호" ("고객번호","전화구분코드","전화번호","생성일시") values ('0018','휴대폰','010-0000-0035',to_date('20/03/02','RR/MM/DD'));
Insert into "고객전화번호" ("고객번호","전화구분코드","전화번호","생성일시") values ('0018','집전화','02-000-0036',to_date('20/03/03','RR/MM/DD'));
Insert into "고객전화번호" ("고객번호","전화구분코드","전화번호","생성일시") values ('0019','휴대폰','010-0000-0037',to_date('20/03/04','RR/MM/DD'));
Insert into "고객전화번호" ("고객번호","전화구분코드","전화번호","생성일시") values ('0019','집전화','02-000-0038',to_date('20/03/05','RR/MM/DD'));
Insert into "고객전화번호" ("고객번호","전화구분코드","전화번호","생성일시") values ('0020','휴대폰','010-0000-0039',to_date('20/03/06','RR/MM/DD'));
Insert into "고객전화번호" ("고객번호","전화구분코드","전화번호","생성일시") values ('0020','집전화','02-000-0040',to_date('20/03/07','RR/MM/DD'));
Insert into "고객전화번호" ("고객번호","전화구분코드","전화번호","생성일시") values ('0021','휴대폰','010-0000-0041',to_date('20/03/08','RR/MM/DD'));
Insert into "고객전화번호" ("고객번호","전화구분코드","전화번호","생성일시") values ('0021','집전화','02-000-0042',to_date('20/03/09','RR/MM/DD'));
Insert into "고객전화번호" ("고객번호","전화구분코드","전화번호","생성일시") values ('0022','휴대폰','010-0000-0043',to_date('20/03/10','RR/MM/DD'));
Insert into "고객전화번호" ("고객번호","전화구분코드","전화번호","생성일시") values ('0022','집전화','02-000-0044',to_date('20/03/11','RR/MM/DD'));
Insert into "고객전화번호" ("고객번호","전화구분코드","전화번호","생성일시") values ('0023','휴대폰','010-0000-0045',to_date('20/03/12','RR/MM/DD'));
Insert into "고객전화번호" ("고객번호","전화구분코드","전화번호","생성일시") values ('0023','집전화','02-000-0046',to_date('20/03/13','RR/MM/DD'));
Insert into "고객전화번호" ("고객번호","전화구분코드","전화번호","생성일시") values ('0024','휴대폰','010-0000-0047',to_date('20/03/14','RR/MM/DD'));
Insert into "고객전화번호" ("고객번호","전화구분코드","전화번호","생성일시") values ('0024','집전화','02-000-0048',to_date('20/03/15','RR/MM/DD'));
Insert into "고객전화번호" ("고객번호","전화구분코드","전화번호","생성일시") values ('0025','휴대폰','010-0000-0049',to_date('20/03/16','RR/MM/DD'));
Insert into "고객전화번호" ("고객번호","전화구분코드","전화번호","생성일시") values ('0025','집전화','02-000-0050',to_date('20/03/17','RR/MM/DD'));
Insert into "고객전화번호" ("고객번호","전화구분코드","전화번호","생성일시") values ('0026','휴대폰','010-0000-0051',to_date('20/03/18','RR/MM/DD'));
Insert into "고객전화번호" ("고객번호","전화구분코드","전화번호","생성일시") values ('0026','집전화','02-000-0052',to_date('20/03/19','RR/MM/DD'));
Insert into "고객전화번호" ("고객번호","전화구분코드","전화번호","생성일시") values ('0027','휴대폰','010-0000-0053',to_date('20/03/20','RR/MM/DD'));
Insert into "고객전화번호" ("고객번호","전화구분코드","전화번호","생성일시") values ('0027','집전화','02-000-0054',to_date('20/03/21','RR/MM/DD'));
Insert into "고객전화번호" ("고객번호","전화구분코드","전화번호","생성일시") values ('0028','휴대폰','010-0000-0055',to_date('20/03/22','RR/MM/DD'));
Insert into "고객전화번호" ("고객번호","전화구분코드","전화번호","생성일시") values ('0028','집전화','02-000-0056',to_date('20/03/23','RR/MM/DD'));
Insert into "고객전화번호" ("고객번호","전화구분코드","전화번호","생성일시") values ('0029','휴대폰','010-0000-0057',to_date('20/03/24','RR/MM/DD'));
Insert into "고객전화번호" ("고객번호","전화구분코드","전화번호","생성일시") values ('0029','집전화','02-000-0058',to_date('20/03/25','RR/MM/DD'));
Insert into "고객전화번호" ("고객번호","전화구분코드","전화번호","생성일시") values ('0030','휴대폰','010-0000-0059',to_date('20/03/26','RR/MM/DD'));
Insert into "고객전화번호" ("고객번호","전화구분코드","전화번호","생성일시") values ('0030','집전화','02-000-0060',to_date('20/03/27','RR/MM/DD'));
Insert into "고객전화번호" ("고객번호","전화구분코드","전화번호","생성일시") values ('0031','휴대폰','010-0000-0061',to_date('20/03/28','RR/MM/DD'));
Insert into "고객전화번호" ("고객번호","전화구분코드","전화번호","생성일시") values ('0031','집전화','02-000-0062',to_date('20/03/29','RR/MM/DD'));
Insert into "고객전화번호" ("고객번호","전화구분코드","전화번호","생성일시") values ('0032','휴대폰','010-0000-0063',to_date('20/03/30','RR/MM/DD'));
Insert into "고객전화번호" ("고객번호","전화구분코드","전화번호","생성일시") values ('0032','집전화','02-000-0064',to_date('20/03/31','RR/MM/DD'));
Insert into "고객전화번호" ("고객번호","전화구분코드","전화번호","생성일시") values ('0033','휴대폰','010-0000-0065',to_date('20/04/01','RR/MM/DD'));
Insert into "고객전화번호" ("고객번호","전화구분코드","전화번호","생성일시") values ('0033','집전화','02-000-0066',to_date('20/04/02','RR/MM/DD'));
Insert into "고객전화번호" ("고객번호","전화구분코드","전화번호","생성일시") values ('0034','휴대폰','010-0000-0067',to_date('20/04/03','RR/MM/DD'));
Insert into "고객전화번호" ("고객번호","전화구분코드","전화번호","생성일시") values ('0034','집전화','02-000-0068',to_date('20/04/04','RR/MM/DD'));
Insert into "고객전화번호" ("고객번호","전화구분코드","전화번호","생성일시") values ('0035','휴대폰','010-0000-0069',to_date('20/04/05','RR/MM/DD'));
Insert into "고객전화번호" ("고객번호","전화구분코드","전화번호","생성일시") values ('0035','집전화','02-000-0070',to_date('20/04/06','RR/MM/DD'));
Insert into "고객전화번호" ("고객번호","전화구분코드","전화번호","생성일시") values ('0036','휴대폰','010-0000-0071',to_date('20/04/07','RR/MM/DD'));
Insert into "고객전화번호" ("고객번호","전화구분코드","전화번호","생성일시") values ('0036','집전화','02-000-0072',to_date('20/04/08','RR/MM/DD'));
Insert into "고객전화번호" ("고객번호","전화구분코드","전화번호","생성일시") values ('0037','휴대폰','010-0000-0073',to_date('20/04/09','RR/MM/DD'));
Insert into "고객전화번호" ("고객번호","전화구분코드","전화번호","생성일시") values ('0037','집전화','02-000-0074',to_date('20/04/10','RR/MM/DD'));
Insert into "고객전화번호" ("고객번호","전화구분코드","전화번호","생성일시") values ('0038','휴대폰','010-0000-0075',to_date('20/04/11','RR/MM/DD'));
Insert into "고객전화번호" ("고객번호","전화구분코드","전화번호","생성일시") values ('0038','집전화','02-000-0076',to_date('20/04/12','RR/MM/DD'));
Insert into "고객전화번호" ("고객번호","전화구분코드","전화번호","생성일시") values ('0039','휴대폰','010-0000-0077',to_date('20/04/13','RR/MM/DD'));
Insert into "고객전화번호" ("고객번호","전화구분코드","전화번호","생성일시") values ('0039','집전화','02-000-0078',to_date('20/04/14','RR/MM/DD'));
Insert into "고객전화번호" ("고객번호","전화구분코드","전화번호","생성일시") values ('0040','휴대폰','010-0000-0079',to_date('20/04/15','RR/MM/DD'));
Insert into "고객전화번호" ("고객번호","전화구분코드","전화번호","생성일시") values ('0040','집전화','02-000-0080',to_date('20/04/16','RR/MM/DD'));
Insert into "고객전화번호" ("고객번호","전화구분코드","전화번호","생성일시") values ('0041','휴대폰','010-0000-0081',to_date('20/04/17','RR/MM/DD'));
Insert into "고객전화번호" ("고객번호","전화구분코드","전화번호","생성일시") values ('0041','집전화','02-000-0082',to_date('20/04/18','RR/MM/DD'));
Insert into "고객전화번호" ("고객번호","전화구분코드","전화번호","생성일시") values ('0042','휴대폰','010-0000-0083',to_date('20/04/19','RR/MM/DD'));
Insert into "고객전화번호" ("고객번호","전화구분코드","전화번호","생성일시") values ('0042','집전화','02-000-0084',to_date('20/04/20','RR/MM/DD'));
Insert into "고객전화번호" ("고객번호","전화구분코드","전화번호","생성일시") values ('0043','휴대폰','010-0000-0085',to_date('20/04/21','RR/MM/DD'));
Insert into "고객전화번호" ("고객번호","전화구분코드","전화번호","생성일시") values ('0043','집전화','02-000-0086',to_date('20/04/22','RR/MM/DD'));
Insert into "고객전화번호" ("고객번호","전화구분코드","전화번호","생성일시") values ('0044','휴대폰','010-0000-0087',to_date('20/04/23','RR/MM/DD'));
Insert into "고객전화번호" ("고객번호","전화구분코드","전화번호","생성일시") values ('0044','집전화','02-000-0088',to_date('20/04/24','RR/MM/DD'));
Insert into "고객전화번호" ("고객번호","전화구분코드","전화번호","생성일시") values ('0045','휴대폰','010-0000-0089',to_date('20/04/25','RR/MM/DD'));
Insert into "고객전화번호" ("고객번호","전화구분코드","전화번호","생성일시") values ('0045','집전화','02-000-0090',to_date('20/04/26','RR/MM/DD'));
Insert into "고객전화번호" ("고객번호","전화구분코드","전화번호","생성일시") values ('0046','휴대폰','010-0000-0091',to_date('20/04/27','RR/MM/DD'));
Insert into "고객전화번호" ("고객번호","전화구분코드","전화번호","생성일시") values ('0046','집전화','02-000-0092',to_date('20/04/28','RR/MM/DD'));
Insert into "고객전화번호" ("고객번호","전화구분코드","전화번호","생성일시") values ('0047','휴대폰','010-0000-0093',to_date('20/04/29','RR/MM/DD'));
Insert into "고객전화번호" ("고객번호","전화구분코드","전화번호","생성일시") values ('0047','집전화','02-000-0094',to_date('20/04/30','RR/MM/DD'));
Insert into "고객전화번호" ("고객번호","전화구분코드","전화번호","생성일시") values ('0048','휴대폰','010-0000-0095',to_date('20/05/01','RR/MM/DD'));
Insert into "고객전화번호" ("고객번호","전화구분코드","전화번호","생성일시") values ('0048','집전화','02-000-0096',to_date('20/05/02','RR/MM/DD'));
Insert into "고객전화번호" ("고객번호","전화구분코드","전화번호","생성일시") values ('0049','휴대폰','010-0000-0097',to_date('20/05/03','RR/MM/DD'));
Insert into "고객전화번호" ("고객번호","전화구분코드","전화번호","생성일시") values ('0049','집전화','02-000-0098',to_date('20/05/04','RR/MM/DD'));
Insert into "고객전화번호" ("고객번호","전화구분코드","전화번호","생성일시") values ('0050','휴대폰','010-0000-0099',to_date('20/05/05','RR/MM/DD'));
Insert into "고객전화번호" ("고객번호","전화구분코드","전화번호","생성일시") values ('0050','집전화','02-000-0100',to_date('20/05/06','RR/MM/DD'));
Insert into "고객전화번호" ("고객번호","전화구분코드","전화번호","생성일시") values ('0051','휴대폰','010-0000-0101',to_date('20/05/07','RR/MM/DD'));
Insert into "고객전화번호" ("고객번호","전화구분코드","전화번호","생성일시") values ('0051','집전화','02-000-0102',to_date('20/05/08','RR/MM/DD'));
Insert into "고객전화번호" ("고객번호","전화구분코드","전화번호","생성일시") values ('0052','휴대폰','010-0000-0103',to_date('20/05/09','RR/MM/DD'));
Insert into "고객전화번호" ("고객번호","전화구분코드","전화번호","생성일시") values ('0052','집전화','02-000-0104',to_date('20/05/10','RR/MM/DD'));
Insert into "고객전화번호" ("고객번호","전화구분코드","전화번호","생성일시") values ('0053','휴대폰','010-0000-0105',to_date('20/05/11','RR/MM/DD'));
Insert into "고객전화번호" ("고객번호","전화구분코드","전화번호","생성일시") values ('0053','집전화','02-000-0106',to_date('20/05/12','RR/MM/DD'));
Insert into "고객전화번호" ("고객번호","전화구분코드","전화번호","생성일시") values ('0054','휴대폰','010-0000-0107',to_date('20/05/13','RR/MM/DD'));
Insert into "고객전화번호" ("고객번호","전화구분코드","전화번호","생성일시") values ('0054','집전화','02-000-0108',to_date('20/05/14','RR/MM/DD'));
Insert into "고객전화번호" ("고객번호","전화구분코드","전화번호","생성일시") values ('0055','휴대폰','010-0000-0109',to_date('20/05/15','RR/MM/DD'));
Insert into "고객전화번호" ("고객번호","전화구분코드","전화번호","생성일시") values ('0055','집전화','02-000-0110',to_date('20/05/16','RR/MM/DD'));
Insert into "고객전화번호" ("고객번호","전화구분코드","전화번호","생성일시") values ('0056','휴대폰','010-0000-0111',to_date('20/05/17','RR/MM/DD'));
Insert into "고객전화번호" ("고객번호","전화구분코드","전화번호","생성일시") values ('0056','집전화','02-000-0112',to_date('20/05/18','RR/MM/DD'));
Insert into "고객전화번호" ("고객번호","전화구분코드","전화번호","생성일시") values ('0057','휴대폰','010-0000-0113',to_date('20/05/19','RR/MM/DD'));
Insert into "고객전화번호" ("고객번호","전화구분코드","전화번호","생성일시") values ('0057','집전화','02-000-0114',to_date('20/05/20','RR/MM/DD'));
Insert into "고객전화번호" ("고객번호","전화구분코드","전화번호","생성일시") values ('0058','휴대폰','010-0000-0115',to_date('20/05/21','RR/MM/DD'));
Insert into "고객전화번호" ("고객번호","전화구분코드","전화번호","생성일시") values ('0058','집전화','02-000-0116',to_date('20/05/22','RR/MM/DD'));
Insert into "고객전화번호" ("고객번호","전화구분코드","전화번호","생성일시") values ('0059','휴대폰','010-0000-0117',to_date('20/05/23','RR/MM/DD'));
Insert into "고객전화번호" ("고객번호","전화구분코드","전화번호","생성일시") values ('0059','집전화','02-000-0118',to_date('20/05/24','RR/MM/DD'));
Insert into "고객전화번호" ("고객번호","전화구분코드","전화번호","생성일시") values ('0060','휴대폰','010-0000-0119',to_date('20/05/25','RR/MM/DD'));
Insert into "고객전화번호" ("고객번호","전화구분코드","전화번호","생성일시") values ('0060','집전화','02-000-0120',to_date('20/05/26','RR/MM/DD'));
Insert into "고객전화번호" ("고객번호","전화구분코드","전화번호","생성일시") values ('0061','휴대폰','010-0000-0121',to_date('20/05/27','RR/MM/DD'));
Insert into "고객전화번호" ("고객번호","전화구분코드","전화번호","생성일시") values ('0061','집전화','02-000-0122',to_date('20/05/28','RR/MM/DD'));
Insert into "고객전화번호" ("고객번호","전화구분코드","전화번호","생성일시") values ('0062','휴대폰','010-0000-0123',to_date('20/05/29','RR/MM/DD'));
Insert into "고객전화번호" ("고객번호","전화구분코드","전화번호","생성일시") values ('0062','집전화','02-000-0124',to_date('20/05/30','RR/MM/DD'));
Insert into "고객전화번호" ("고객번호","전화구분코드","전화번호","생성일시") values ('0063','휴대폰','010-0000-0125',to_date('20/05/31','RR/MM/DD'));
Insert into "고객전화번호" ("고객번호","전화구분코드","전화번호","생성일시") values ('0063','집전화','02-000-0126',to_date('20/06/01','RR/MM/DD'));
Insert into "고객전화번호" ("고객번호","전화구분코드","전화번호","생성일시") values ('0064','휴대폰','010-0000-0127',to_date('20/06/02','RR/MM/DD'));
Insert into "고객전화번호" ("고객번호","전화구분코드","전화번호","생성일시") values ('0064','집전화','02-000-0128',to_date('20/06/03','RR/MM/DD'));
Insert into "고객전화번호" ("고객번호","전화구분코드","전화번호","생성일시") values ('0065','휴대폰','010-0000-0129',to_date('20/06/04','RR/MM/DD'));
Insert into "고객전화번호" ("고객번호","전화구분코드","전화번호","생성일시") values ('0065','집전화','02-000-0130',to_date('20/06/05','RR/MM/DD'));
Insert into "고객전화번호" ("고객번호","전화구분코드","전화번호","생성일시") values ('0066','휴대폰','010-0000-0131',to_date('20/06/06','RR/MM/DD'));
Insert into "고객전화번호" ("고객번호","전화구분코드","전화번호","생성일시") values ('0066','집전화','02-000-0132',to_date('20/06/07','RR/MM/DD'));
Insert into "고객전화번호" ("고객번호","전화구분코드","전화번호","생성일시") values ('0067','휴대폰','010-0000-0133',to_date('20/06/08','RR/MM/DD'));
Insert into "고객전화번호" ("고객번호","전화구분코드","전화번호","생성일시") values ('0067','집전화','02-000-0134',to_date('20/06/09','RR/MM/DD'));
Insert into "고객전화번호" ("고객번호","전화구분코드","전화번호","생성일시") values ('0068','휴대폰','010-0000-0135',to_date('20/06/10','RR/MM/DD'));
Insert into "고객전화번호" ("고객번호","전화구분코드","전화번호","생성일시") values ('0068','집전화','02-000-0136',to_date('20/06/11','RR/MM/DD'));
Insert into "고객전화번호" ("고객번호","전화구분코드","전화번호","생성일시") values ('0069','휴대폰','010-0000-0137',to_date('20/06/12','RR/MM/DD'));
Insert into "고객전화번호" ("고객번호","전화구분코드","전화번호","생성일시") values ('0069','집전화','02-000-0138',to_date('20/06/13','RR/MM/DD'));
Insert into "고객전화번호" ("고객번호","전화구분코드","전화번호","생성일시") values ('0070','휴대폰','010-0000-0139',to_date('20/06/14','RR/MM/DD'));
Insert into "고객전화번호" ("고객번호","전화구분코드","전화번호","생성일시") values ('0070','집전화','02-000-0140',to_date('20/06/15','RR/MM/DD'));
Insert into "고객전화번호" ("고객번호","전화구분코드","전화번호","생성일시") values ('0071','휴대폰','010-0000-0141',to_date('20/06/16','RR/MM/DD'));
Insert into "고객전화번호" ("고객번호","전화구분코드","전화번호","생성일시") values ('0071','집전화','02-000-0142',to_date('20/06/17','RR/MM/DD'));
Insert into "고객전화번호" ("고객번호","전화구분코드","전화번호","생성일시") values ('0072','휴대폰','010-0000-0143',to_date('20/06/18','RR/MM/DD'));
Insert into "고객전화번호" ("고객번호","전화구분코드","전화번호","생성일시") values ('0072','집전화','02-000-0144',to_date('20/06/19','RR/MM/DD'));
Insert into "고객전화번호" ("고객번호","전화구분코드","전화번호","생성일시") values ('0073','휴대폰','010-0000-0145',to_date('20/06/20','RR/MM/DD'));
Insert into "고객전화번호" ("고객번호","전화구분코드","전화번호","생성일시") values ('0073','집전화','02-000-0146',to_date('20/06/21','RR/MM/DD'));
Insert into "고객전화번호" ("고객번호","전화구분코드","전화번호","생성일시") values ('0074','휴대폰','010-0000-0147',to_date('20/06/22','RR/MM/DD'));
Insert into "고객전화번호" ("고객번호","전화구분코드","전화번호","생성일시") values ('0074','집전화','02-000-0148',to_date('20/06/23','RR/MM/DD'));
Insert into "고객전화번호" ("고객번호","전화구분코드","전화번호","생성일시") values ('0075','휴대폰','010-0000-0149',to_date('20/06/24','RR/MM/DD'));
Insert into "고객전화번호" ("고객번호","전화구분코드","전화번호","생성일시") values ('0075','집전화','02-000-0150',to_date('20/06/25','RR/MM/DD'));
Insert into "고객전화번호" ("고객번호","전화구분코드","전화번호","생성일시") values ('0076','휴대폰','010-0000-0151',to_date('20/06/26','RR/MM/DD'));
Insert into "고객전화번호" ("고객번호","전화구분코드","전화번호","생성일시") values ('0076','집전화','02-000-0152',to_date('20/06/27','RR/MM/DD'));
Insert into "고객전화번호" ("고객번호","전화구분코드","전화번호","생성일시") values ('0077','휴대폰','010-0000-0153',to_date('20/06/28','RR/MM/DD'));
Insert into "고객전화번호" ("고객번호","전화구분코드","전화번호","생성일시") values ('0077','집전화','02-000-0154',to_date('20/06/29','RR/MM/DD'));
Insert into "고객전화번호" ("고객번호","전화구분코드","전화번호","생성일시") values ('0078','휴대폰','010-0000-0155',to_date('20/06/30','RR/MM/DD'));
Insert into "고객전화번호" ("고객번호","전화구분코드","전화번호","생성일시") values ('0078','집전화','02-000-0156',to_date('20/07/01','RR/MM/DD'));
Insert into "고객전화번호" ("고객번호","전화구분코드","전화번호","생성일시") values ('0079','휴대폰','010-0000-0157',to_date('20/07/02','RR/MM/DD'));
Insert into "고객전화번호" ("고객번호","전화구분코드","전화번호","생성일시") values ('0079','집전화','02-000-0158',to_date('20/07/03','RR/MM/DD'));
Insert into "고객전화번호" ("고객번호","전화구분코드","전화번호","생성일시") values ('0080','휴대폰','010-0000-0159',to_date('20/07/04','RR/MM/DD'));
Insert into "고객전화번호" ("고객번호","전화구분코드","전화번호","생성일시") values ('0080','집전화','02-000-0160',to_date('20/07/05','RR/MM/DD'));
Insert into "고객전화번호" ("고객번호","전화구분코드","전화번호","생성일시") values ('0081','휴대폰','010-0000-0161',to_date('20/07/06','RR/MM/DD'));
Insert into "고객전화번호" ("고객번호","전화구분코드","전화번호","생성일시") values ('0081','집전화','02-000-0162',to_date('20/07/07','RR/MM/DD'));
Insert into "고객전화번호" ("고객번호","전화구분코드","전화번호","생성일시") values ('0082','휴대폰','010-0000-0163',to_date('20/07/08','RR/MM/DD'));
Insert into "고객전화번호" ("고객번호","전화구분코드","전화번호","생성일시") values ('0082','집전화','02-000-0164',to_date('20/07/09','RR/MM/DD'));
Insert into "고객전화번호" ("고객번호","전화구분코드","전화번호","생성일시") values ('0083','휴대폰','010-0000-0165',to_date('20/07/10','RR/MM/DD'));
Insert into "고객전화번호" ("고객번호","전화구분코드","전화번호","생성일시") values ('0083','집전화','02-000-0166',to_date('20/07/11','RR/MM/DD'));
Insert into "고객전화번호" ("고객번호","전화구분코드","전화번호","생성일시") values ('0084','휴대폰','010-0000-0167',to_date('20/07/12','RR/MM/DD'));
Insert into "고객전화번호" ("고객번호","전화구분코드","전화번호","생성일시") values ('0084','집전화','02-000-0168',to_date('20/07/13','RR/MM/DD'));
Insert into "고객전화번호" ("고객번호","전화구분코드","전화번호","생성일시") values ('0085','휴대폰','010-0000-0169',to_date('20/07/14','RR/MM/DD'));
Insert into "고객전화번호" ("고객번호","전화구분코드","전화번호","생성일시") values ('0085','집전화','02-000-0170',to_date('20/07/15','RR/MM/DD'));
Insert into "고객전화번호" ("고객번호","전화구분코드","전화번호","생성일시") values ('0086','휴대폰','010-0000-0171',to_date('20/07/16','RR/MM/DD'));
Insert into "고객전화번호" ("고객번호","전화구분코드","전화번호","생성일시") values ('0086','집전화','02-000-0172',to_date('20/07/17','RR/MM/DD'));
Insert into "고객전화번호" ("고객번호","전화구분코드","전화번호","생성일시") values ('0087','휴대폰','010-0000-0173',to_date('20/07/18','RR/MM/DD'));
Insert into "고객전화번호" ("고객번호","전화구분코드","전화번호","생성일시") values ('0087','집전화','02-000-0174',to_date('20/07/19','RR/MM/DD'));
Insert into "고객전화번호" ("고객번호","전화구분코드","전화번호","생성일시") values ('0088','휴대폰','010-0000-0175',to_date('20/07/20','RR/MM/DD'));
Insert into "고객전화번호" ("고객번호","전화구분코드","전화번호","생성일시") values ('0088','집전화','02-000-0176',to_date('20/07/21','RR/MM/DD'));
Insert into "고객전화번호" ("고객번호","전화구분코드","전화번호","생성일시") values ('0089','휴대폰','010-0000-0177',to_date('20/07/22','RR/MM/DD'));
Insert into "고객전화번호" ("고객번호","전화구분코드","전화번호","생성일시") values ('0089','집전화','02-000-0178',to_date('20/07/23','RR/MM/DD'));
Insert into "고객전화번호" ("고객번호","전화구분코드","전화번호","생성일시") values ('0090','휴대폰','010-0000-0179',to_date('20/07/24','RR/MM/DD'));
Insert into "고객전화번호" ("고객번호","전화구분코드","전화번호","생성일시") values ('0090','집전화','02-000-0180',to_date('20/07/25','RR/MM/DD'));
Insert into "고객전화번호" ("고객번호","전화구분코드","전화번호","생성일시") values ('0091','휴대폰','010-0000-0181',to_date('20/07/26','RR/MM/DD'));
Insert into "고객전화번호" ("고객번호","전화구분코드","전화번호","생성일시") values ('0091','집전화','02-000-0182',to_date('20/07/27','RR/MM/DD'));
Insert into "고객전화번호" ("고객번호","전화구분코드","전화번호","생성일시") values ('0092','휴대폰','010-0000-0183',to_date('20/07/28','RR/MM/DD'));
Insert into "고객전화번호" ("고객번호","전화구분코드","전화번호","생성일시") values ('0092','집전화','02-000-0184',to_date('20/07/29','RR/MM/DD'));
Insert into "고객전화번호" ("고객번호","전화구분코드","전화번호","생성일시") values ('0093','휴대폰','010-0000-0185',to_date('20/07/30','RR/MM/DD'));
Insert into "고객전화번호" ("고객번호","전화구분코드","전화번호","생성일시") values ('0093','집전화','02-000-0186',to_date('20/07/31','RR/MM/DD'));
Insert into "고객전화번호" ("고객번호","전화구분코드","전화번호","생성일시") values ('0094','휴대폰','010-0000-0187',to_date('20/08/01','RR/MM/DD'));
Insert into "고객전화번호" ("고객번호","전화구분코드","전화번호","생성일시") values ('0094','집전화','02-000-0188',to_date('20/08/02','RR/MM/DD'));
Insert into "고객전화번호" ("고객번호","전화구분코드","전화번호","생성일시") values ('0095','휴대폰','010-0000-0189',to_date('20/08/03','RR/MM/DD'));
Insert into "고객전화번호" ("고객번호","전화구분코드","전화번호","생성일시") values ('0095','집전화','02-000-0190',to_date('20/08/04','RR/MM/DD'));
Insert into "고객전화번호" ("고객번호","전화구분코드","전화번호","생성일시") values ('0096','휴대폰','010-0000-0191',to_date('20/08/05','RR/MM/DD'));
Insert into "고객전화번호" ("고객번호","전화구분코드","전화번호","생성일시") values ('0096','집전화','02-000-0192',to_date('20/08/06','RR/MM/DD'));
Insert into "고객전화번호" ("고객번호","전화구분코드","전화번호","생성일시") values ('0097','휴대폰','010-0000-0193',to_date('20/08/07','RR/MM/DD'));
Insert into "고객전화번호" ("고객번호","전화구분코드","전화번호","생성일시") values ('0097','집전화','02-000-0194',to_date('20/08/08','RR/MM/DD'));
Insert into "고객전화번호" ("고객번호","전화구분코드","전화번호","생성일시") values ('0098','휴대폰','010-0000-0195',to_date('20/08/09','RR/MM/DD'));
Insert into "고객전화번호" ("고객번호","전화구분코드","전화번호","생성일시") values ('0098','집전화','02-000-0196',to_date('20/08/10','RR/MM/DD'));
Insert into "고객전화번호" ("고객번호","전화구분코드","전화번호","생성일시") values ('0099','휴대폰','010-0000-0197',to_date('20/08/11','RR/MM/DD'));
Insert into "고객전화번호" ("고객번호","전화구분코드","전화번호","생성일시") values ('0099','집전화','02-000-0198',to_date('20/08/12','RR/MM/DD'));
Insert into "고객전화번호" ("고객번호","전화구분코드","전화번호","생성일시") values ('0100','휴대폰','010-0000-0199',to_date('20/08/13','RR/MM/DD'));
Insert into "고객전화번호" ("고객번호","전화구분코드","전화번호","생성일시") values ('0100','집전화','02-000-0200',to_date('20/08/14','RR/MM/DD'));
REM INSERTING into "고객전화번호이력"
SET DEFINE OFF;
Insert into "고객전화번호이력" ("고객번호","전화구분코드","전화번호순번","전화번호","생성일시") values ('0001','휴대폰',1,'010-0000-0001',to_date('20/01/28','RR/MM/DD'));
Insert into "고객전화번호이력" ("고객번호","전화구분코드","전화번호순번","전화번호","생성일시") values ('0001','집전화',1,'02-000-0002',to_date('20/01/29','RR/MM/DD'));
Insert into "고객전화번호이력" ("고객번호","전화구분코드","전화번호순번","전화번호","생성일시") values ('0002','휴대폰',2,'010-0000-0003',to_date('20/01/30','RR/MM/DD'));
Insert into "고객전화번호이력" ("고객번호","전화구분코드","전화번호순번","전화번호","생성일시") values ('0002','집전화',2,'02-000-0004',to_date('20/01/31','RR/MM/DD'));
Insert into "고객전화번호이력" ("고객번호","전화구분코드","전화번호순번","전화번호","생성일시") values ('0003','휴대폰',3,'010-0000-0005',to_date('20/02/01','RR/MM/DD'));
Insert into "고객전화번호이력" ("고객번호","전화구분코드","전화번호순번","전화번호","생성일시") values ('0003','집전화',3,'02-000-0006',to_date('20/02/02','RR/MM/DD'));
Insert into "고객전화번호이력" ("고객번호","전화구분코드","전화번호순번","전화번호","생성일시") values ('0004','휴대폰',4,'010-0000-0007',to_date('20/02/03','RR/MM/DD'));
Insert into "고객전화번호이력" ("고객번호","전화구분코드","전화번호순번","전화번호","생성일시") values ('0004','집전화',4,'02-000-0008',to_date('20/02/04','RR/MM/DD'));
Insert into "고객전화번호이력" ("고객번호","전화구분코드","전화번호순번","전화번호","생성일시") values ('0005','휴대폰',5,'010-0000-0009',to_date('20/02/05','RR/MM/DD'));
Insert into "고객전화번호이력" ("고객번호","전화구분코드","전화번호순번","전화번호","생성일시") values ('0005','집전화',5,'02-000-0010',to_date('20/02/06','RR/MM/DD'));
Insert into "고객전화번호이력" ("고객번호","전화구분코드","전화번호순번","전화번호","생성일시") values ('0006','휴대폰',6,'010-0000-0011',to_date('20/02/07','RR/MM/DD'));
Insert into "고객전화번호이력" ("고객번호","전화구분코드","전화번호순번","전화번호","생성일시") values ('0006','집전화',6,'02-000-0012',to_date('20/02/08','RR/MM/DD'));
Insert into "고객전화번호이력" ("고객번호","전화구분코드","전화번호순번","전화번호","생성일시") values ('0007','휴대폰',7,'010-0000-0013',to_date('20/02/09','RR/MM/DD'));
Insert into "고객전화번호이력" ("고객번호","전화구분코드","전화번호순번","전화번호","생성일시") values ('0007','집전화',7,'02-000-0014',to_date('20/02/10','RR/MM/DD'));
Insert into "고객전화번호이력" ("고객번호","전화구분코드","전화번호순번","전화번호","생성일시") values ('0008','휴대폰',8,'010-0000-0015',to_date('20/02/11','RR/MM/DD'));
Insert into "고객전화번호이력" ("고객번호","전화구분코드","전화번호순번","전화번호","생성일시") values ('0008','집전화',8,'02-000-0016',to_date('20/02/12','RR/MM/DD'));
Insert into "고객전화번호이력" ("고객번호","전화구분코드","전화번호순번","전화번호","생성일시") values ('0009','휴대폰',9,'010-0000-0017',to_date('20/02/13','RR/MM/DD'));
Insert into "고객전화번호이력" ("고객번호","전화구분코드","전화번호순번","전화번호","생성일시") values ('0009','집전화',9,'02-000-0018',to_date('20/02/14','RR/MM/DD'));
Insert into "고객전화번호이력" ("고객번호","전화구분코드","전화번호순번","전화번호","생성일시") values ('0010','휴대폰',10,'010-0000-0019',to_date('20/02/15','RR/MM/DD'));
Insert into "고객전화번호이력" ("고객번호","전화구분코드","전화번호순번","전화번호","생성일시") values ('0010','집전화',10,'02-000-0020',to_date('20/02/16','RR/MM/DD'));
Insert into "고객전화번호이력" ("고객번호","전화구분코드","전화번호순번","전화번호","생성일시") values ('0011','휴대폰',11,'010-0000-0021',to_date('20/02/17','RR/MM/DD'));
Insert into "고객전화번호이력" ("고객번호","전화구분코드","전화번호순번","전화번호","생성일시") values ('0011','집전화',11,'02-000-0022',to_date('20/02/18','RR/MM/DD'));
Insert into "고객전화번호이력" ("고객번호","전화구분코드","전화번호순번","전화번호","생성일시") values ('0012','휴대폰',12,'010-0000-0023',to_date('20/02/19','RR/MM/DD'));
Insert into "고객전화번호이력" ("고객번호","전화구분코드","전화번호순번","전화번호","생성일시") values ('0012','집전화',12,'02-000-0024',to_date('20/02/20','RR/MM/DD'));
Insert into "고객전화번호이력" ("고객번호","전화구분코드","전화번호순번","전화번호","생성일시") values ('0013','휴대폰',13,'010-0000-0025',to_date('20/02/21','RR/MM/DD'));
Insert into "고객전화번호이력" ("고객번호","전화구분코드","전화번호순번","전화번호","생성일시") values ('0013','집전화',13,'02-000-0026',to_date('20/02/22','RR/MM/DD'));
Insert into "고객전화번호이력" ("고객번호","전화구분코드","전화번호순번","전화번호","생성일시") values ('0014','휴대폰',14,'010-0000-0027',to_date('20/02/23','RR/MM/DD'));
Insert into "고객전화번호이력" ("고객번호","전화구분코드","전화번호순번","전화번호","생성일시") values ('0014','집전화',14,'02-000-0028',to_date('20/02/24','RR/MM/DD'));
Insert into "고객전화번호이력" ("고객번호","전화구분코드","전화번호순번","전화번호","생성일시") values ('0015','휴대폰',15,'010-0000-0029',to_date('20/02/25','RR/MM/DD'));
Insert into "고객전화번호이력" ("고객번호","전화구분코드","전화번호순번","전화번호","생성일시") values ('0015','집전화',15,'02-000-0030',to_date('20/02/26','RR/MM/DD'));
Insert into "고객전화번호이력" ("고객번호","전화구분코드","전화번호순번","전화번호","생성일시") values ('0016','휴대폰',16,'010-0000-0031',to_date('20/02/27','RR/MM/DD'));
Insert into "고객전화번호이력" ("고객번호","전화구분코드","전화번호순번","전화번호","생성일시") values ('0016','집전화',16,'02-000-0032',to_date('20/02/28','RR/MM/DD'));
Insert into "고객전화번호이력" ("고객번호","전화구분코드","전화번호순번","전화번호","생성일시") values ('0017','휴대폰',17,'010-0000-0033',to_date('20/02/29','RR/MM/DD'));
Insert into "고객전화번호이력" ("고객번호","전화구분코드","전화번호순번","전화번호","생성일시") values ('0017','집전화',17,'02-000-0034',to_date('20/03/01','RR/MM/DD'));
Insert into "고객전화번호이력" ("고객번호","전화구분코드","전화번호순번","전화번호","생성일시") values ('0018','휴대폰',18,'010-0000-0035',to_date('20/03/02','RR/MM/DD'));
Insert into "고객전화번호이력" ("고객번호","전화구분코드","전화번호순번","전화번호","생성일시") values ('0018','집전화',18,'02-000-0036',to_date('20/03/03','RR/MM/DD'));
Insert into "고객전화번호이력" ("고객번호","전화구분코드","전화번호순번","전화번호","생성일시") values ('0019','휴대폰',19,'010-0000-0037',to_date('20/03/04','RR/MM/DD'));
Insert into "고객전화번호이력" ("고객번호","전화구분코드","전화번호순번","전화번호","생성일시") values ('0019','집전화',19,'02-000-0038',to_date('20/03/05','RR/MM/DD'));
Insert into "고객전화번호이력" ("고객번호","전화구분코드","전화번호순번","전화번호","생성일시") values ('0020','휴대폰',20,'010-0000-0039',to_date('20/03/06','RR/MM/DD'));
Insert into "고객전화번호이력" ("고객번호","전화구분코드","전화번호순번","전화번호","생성일시") values ('0020','집전화',20,'02-000-0040',to_date('20/03/07','RR/MM/DD'));
Insert into "고객전화번호이력" ("고객번호","전화구분코드","전화번호순번","전화번호","생성일시") values ('0021','휴대폰',21,'010-0000-0041',to_date('20/03/08','RR/MM/DD'));
Insert into "고객전화번호이력" ("고객번호","전화구분코드","전화번호순번","전화번호","생성일시") values ('0021','집전화',21,'02-000-0042',to_date('20/03/09','RR/MM/DD'));
Insert into "고객전화번호이력" ("고객번호","전화구분코드","전화번호순번","전화번호","생성일시") values ('0022','휴대폰',22,'010-0000-0043',to_date('20/03/10','RR/MM/DD'));
Insert into "고객전화번호이력" ("고객번호","전화구분코드","전화번호순번","전화번호","생성일시") values ('0022','집전화',22,'02-000-0044',to_date('20/03/11','RR/MM/DD'));
Insert into "고객전화번호이력" ("고객번호","전화구분코드","전화번호순번","전화번호","생성일시") values ('0023','휴대폰',23,'010-0000-0045',to_date('20/03/12','RR/MM/DD'));
Insert into "고객전화번호이력" ("고객번호","전화구분코드","전화번호순번","전화번호","생성일시") values ('0023','집전화',23,'02-000-0046',to_date('20/03/13','RR/MM/DD'));
Insert into "고객전화번호이력" ("고객번호","전화구분코드","전화번호순번","전화번호","생성일시") values ('0024','휴대폰',24,'010-0000-0047',to_date('20/03/14','RR/MM/DD'));
Insert into "고객전화번호이력" ("고객번호","전화구분코드","전화번호순번","전화번호","생성일시") values ('0024','집전화',24,'02-000-0048',to_date('20/03/15','RR/MM/DD'));
Insert into "고객전화번호이력" ("고객번호","전화구분코드","전화번호순번","전화번호","생성일시") values ('0025','휴대폰',25,'010-0000-0049',to_date('20/03/16','RR/MM/DD'));
Insert into "고객전화번호이력" ("고객번호","전화구분코드","전화번호순번","전화번호","생성일시") values ('0025','집전화',25,'02-000-0050',to_date('20/03/17','RR/MM/DD'));
Insert into "고객전화번호이력" ("고객번호","전화구분코드","전화번호순번","전화번호","생성일시") values ('0026','휴대폰',26,'010-0000-0051',to_date('20/03/18','RR/MM/DD'));
Insert into "고객전화번호이력" ("고객번호","전화구분코드","전화번호순번","전화번호","생성일시") values ('0026','집전화',26,'02-000-0052',to_date('20/03/19','RR/MM/DD'));
Insert into "고객전화번호이력" ("고객번호","전화구분코드","전화번호순번","전화번호","생성일시") values ('0027','휴대폰',27,'010-0000-0053',to_date('20/03/20','RR/MM/DD'));
Insert into "고객전화번호이력" ("고객번호","전화구분코드","전화번호순번","전화번호","생성일시") values ('0027','집전화',27,'02-000-0054',to_date('20/03/21','RR/MM/DD'));
Insert into "고객전화번호이력" ("고객번호","전화구분코드","전화번호순번","전화번호","생성일시") values ('0028','휴대폰',28,'010-0000-0055',to_date('20/03/22','RR/MM/DD'));
Insert into "고객전화번호이력" ("고객번호","전화구분코드","전화번호순번","전화번호","생성일시") values ('0028','집전화',28,'02-000-0056',to_date('20/03/23','RR/MM/DD'));
Insert into "고객전화번호이력" ("고객번호","전화구분코드","전화번호순번","전화번호","생성일시") values ('0029','휴대폰',29,'010-0000-0057',to_date('20/03/24','RR/MM/DD'));
Insert into "고객전화번호이력" ("고객번호","전화구분코드","전화번호순번","전화번호","생성일시") values ('0029','집전화',29,'02-000-0058',to_date('20/03/25','RR/MM/DD'));
Insert into "고객전화번호이력" ("고객번호","전화구분코드","전화번호순번","전화번호","생성일시") values ('0030','휴대폰',30,'010-0000-0059',to_date('20/03/26','RR/MM/DD'));
Insert into "고객전화번호이력" ("고객번호","전화구분코드","전화번호순번","전화번호","생성일시") values ('0030','집전화',30,'02-000-0060',to_date('20/03/27','RR/MM/DD'));
Insert into "고객전화번호이력" ("고객번호","전화구분코드","전화번호순번","전화번호","생성일시") values ('0031','휴대폰',31,'010-0000-0061',to_date('20/03/28','RR/MM/DD'));
Insert into "고객전화번호이력" ("고객번호","전화구분코드","전화번호순번","전화번호","생성일시") values ('0031','집전화',31,'02-000-0062',to_date('20/03/29','RR/MM/DD'));
Insert into "고객전화번호이력" ("고객번호","전화구분코드","전화번호순번","전화번호","생성일시") values ('0032','휴대폰',32,'010-0000-0063',to_date('20/03/30','RR/MM/DD'));
Insert into "고객전화번호이력" ("고객번호","전화구분코드","전화번호순번","전화번호","생성일시") values ('0032','집전화',32,'02-000-0064',to_date('20/03/31','RR/MM/DD'));
Insert into "고객전화번호이력" ("고객번호","전화구분코드","전화번호순번","전화번호","생성일시") values ('0033','휴대폰',33,'010-0000-0065',to_date('20/04/01','RR/MM/DD'));
Insert into "고객전화번호이력" ("고객번호","전화구분코드","전화번호순번","전화번호","생성일시") values ('0033','집전화',33,'02-000-0066',to_date('20/04/02','RR/MM/DD'));
Insert into "고객전화번호이력" ("고객번호","전화구분코드","전화번호순번","전화번호","생성일시") values ('0034','휴대폰',34,'010-0000-0067',to_date('20/04/03','RR/MM/DD'));
Insert into "고객전화번호이력" ("고객번호","전화구분코드","전화번호순번","전화번호","생성일시") values ('0034','집전화',34,'02-000-0068',to_date('20/04/04','RR/MM/DD'));
Insert into "고객전화번호이력" ("고객번호","전화구분코드","전화번호순번","전화번호","생성일시") values ('0035','휴대폰',35,'010-0000-0069',to_date('20/04/05','RR/MM/DD'));
Insert into "고객전화번호이력" ("고객번호","전화구분코드","전화번호순번","전화번호","생성일시") values ('0035','집전화',35,'02-000-0070',to_date('20/04/06','RR/MM/DD'));
Insert into "고객전화번호이력" ("고객번호","전화구분코드","전화번호순번","전화번호","생성일시") values ('0036','휴대폰',36,'010-0000-0071',to_date('20/04/07','RR/MM/DD'));
Insert into "고객전화번호이력" ("고객번호","전화구분코드","전화번호순번","전화번호","생성일시") values ('0036','집전화',36,'02-000-0072',to_date('20/04/08','RR/MM/DD'));
Insert into "고객전화번호이력" ("고객번호","전화구분코드","전화번호순번","전화번호","생성일시") values ('0037','휴대폰',37,'010-0000-0073',to_date('20/04/09','RR/MM/DD'));
Insert into "고객전화번호이력" ("고객번호","전화구분코드","전화번호순번","전화번호","생성일시") values ('0037','집전화',37,'02-000-0074',to_date('20/04/10','RR/MM/DD'));
Insert into "고객전화번호이력" ("고객번호","전화구분코드","전화번호순번","전화번호","생성일시") values ('0038','휴대폰',38,'010-0000-0075',to_date('20/04/11','RR/MM/DD'));
Insert into "고객전화번호이력" ("고객번호","전화구분코드","전화번호순번","전화번호","생성일시") values ('0038','집전화',38,'02-000-0076',to_date('20/04/12','RR/MM/DD'));
Insert into "고객전화번호이력" ("고객번호","전화구분코드","전화번호순번","전화번호","생성일시") values ('0039','휴대폰',39,'010-0000-0077',to_date('20/04/13','RR/MM/DD'));
Insert into "고객전화번호이력" ("고객번호","전화구분코드","전화번호순번","전화번호","생성일시") values ('0039','집전화',39,'02-000-0078',to_date('20/04/14','RR/MM/DD'));
Insert into "고객전화번호이력" ("고객번호","전화구분코드","전화번호순번","전화번호","생성일시") values ('0040','휴대폰',40,'010-0000-0079',to_date('20/04/15','RR/MM/DD'));
Insert into "고객전화번호이력" ("고객번호","전화구분코드","전화번호순번","전화번호","생성일시") values ('0040','집전화',40,'02-000-0080',to_date('20/04/16','RR/MM/DD'));
Insert into "고객전화번호이력" ("고객번호","전화구분코드","전화번호순번","전화번호","생성일시") values ('0041','휴대폰',41,'010-0000-0081',to_date('20/04/17','RR/MM/DD'));
Insert into "고객전화번호이력" ("고객번호","전화구분코드","전화번호순번","전화번호","생성일시") values ('0041','집전화',41,'02-000-0082',to_date('20/04/18','RR/MM/DD'));
Insert into "고객전화번호이력" ("고객번호","전화구분코드","전화번호순번","전화번호","생성일시") values ('0042','휴대폰',42,'010-0000-0083',to_date('20/04/19','RR/MM/DD'));
Insert into "고객전화번호이력" ("고객번호","전화구분코드","전화번호순번","전화번호","생성일시") values ('0042','집전화',42,'02-000-0084',to_date('20/04/20','RR/MM/DD'));
Insert into "고객전화번호이력" ("고객번호","전화구분코드","전화번호순번","전화번호","생성일시") values ('0043','휴대폰',43,'010-0000-0085',to_date('20/04/21','RR/MM/DD'));
Insert into "고객전화번호이력" ("고객번호","전화구분코드","전화번호순번","전화번호","생성일시") values ('0043','집전화',43,'02-000-0086',to_date('20/04/22','RR/MM/DD'));
Insert into "고객전화번호이력" ("고객번호","전화구분코드","전화번호순번","전화번호","생성일시") values ('0044','휴대폰',44,'010-0000-0087',to_date('20/04/23','RR/MM/DD'));
Insert into "고객전화번호이력" ("고객번호","전화구분코드","전화번호순번","전화번호","생성일시") values ('0044','집전화',44,'02-000-0088',to_date('20/04/24','RR/MM/DD'));
Insert into "고객전화번호이력" ("고객번호","전화구분코드","전화번호순번","전화번호","생성일시") values ('0045','휴대폰',45,'010-0000-0089',to_date('20/04/25','RR/MM/DD'));
Insert into "고객전화번호이력" ("고객번호","전화구분코드","전화번호순번","전화번호","생성일시") values ('0045','집전화',45,'02-000-0090',to_date('20/04/26','RR/MM/DD'));
Insert into "고객전화번호이력" ("고객번호","전화구분코드","전화번호순번","전화번호","생성일시") values ('0046','휴대폰',46,'010-0000-0091',to_date('20/04/27','RR/MM/DD'));
Insert into "고객전화번호이력" ("고객번호","전화구분코드","전화번호순번","전화번호","생성일시") values ('0046','집전화',46,'02-000-0092',to_date('20/04/28','RR/MM/DD'));
Insert into "고객전화번호이력" ("고객번호","전화구분코드","전화번호순번","전화번호","생성일시") values ('0047','휴대폰',47,'010-0000-0093',to_date('20/04/29','RR/MM/DD'));
Insert into "고객전화번호이력" ("고객번호","전화구분코드","전화번호순번","전화번호","생성일시") values ('0047','집전화',47,'02-000-0094',to_date('20/04/30','RR/MM/DD'));
Insert into "고객전화번호이력" ("고객번호","전화구분코드","전화번호순번","전화번호","생성일시") values ('0048','휴대폰',48,'010-0000-0095',to_date('20/05/01','RR/MM/DD'));
Insert into "고객전화번호이력" ("고객번호","전화구분코드","전화번호순번","전화번호","생성일시") values ('0048','집전화',48,'02-000-0096',to_date('20/05/02','RR/MM/DD'));
Insert into "고객전화번호이력" ("고객번호","전화구분코드","전화번호순번","전화번호","생성일시") values ('0049','휴대폰',49,'010-0000-0097',to_date('20/05/03','RR/MM/DD'));
Insert into "고객전화번호이력" ("고객번호","전화구분코드","전화번호순번","전화번호","생성일시") values ('0049','집전화',49,'02-000-0098',to_date('20/05/04','RR/MM/DD'));
Insert into "고객전화번호이력" ("고객번호","전화구분코드","전화번호순번","전화번호","생성일시") values ('0050','휴대폰',50,'010-0000-0099',to_date('20/05/05','RR/MM/DD'));
Insert into "고객전화번호이력" ("고객번호","전화구분코드","전화번호순번","전화번호","생성일시") values ('0050','집전화',50,'02-000-0100',to_date('20/05/06','RR/MM/DD'));
Insert into "고객전화번호이력" ("고객번호","전화구분코드","전화번호순번","전화번호","생성일시") values ('0051','휴대폰',51,'010-0000-0101',to_date('20/05/07','RR/MM/DD'));
Insert into "고객전화번호이력" ("고객번호","전화구분코드","전화번호순번","전화번호","생성일시") values ('0051','집전화',51,'02-000-0102',to_date('20/05/08','RR/MM/DD'));
Insert into "고객전화번호이력" ("고객번호","전화구분코드","전화번호순번","전화번호","생성일시") values ('0052','휴대폰',52,'010-0000-0103',to_date('20/05/09','RR/MM/DD'));
Insert into "고객전화번호이력" ("고객번호","전화구분코드","전화번호순번","전화번호","생성일시") values ('0052','집전화',52,'02-000-0104',to_date('20/05/10','RR/MM/DD'));
Insert into "고객전화번호이력" ("고객번호","전화구분코드","전화번호순번","전화번호","생성일시") values ('0053','휴대폰',53,'010-0000-0105',to_date('20/05/11','RR/MM/DD'));
Insert into "고객전화번호이력" ("고객번호","전화구분코드","전화번호순번","전화번호","생성일시") values ('0053','집전화',53,'02-000-0106',to_date('20/05/12','RR/MM/DD'));
Insert into "고객전화번호이력" ("고객번호","전화구분코드","전화번호순번","전화번호","생성일시") values ('0054','휴대폰',54,'010-0000-0107',to_date('20/05/13','RR/MM/DD'));
Insert into "고객전화번호이력" ("고객번호","전화구분코드","전화번호순번","전화번호","생성일시") values ('0054','집전화',54,'02-000-0108',to_date('20/05/14','RR/MM/DD'));
Insert into "고객전화번호이력" ("고객번호","전화구분코드","전화번호순번","전화번호","생성일시") values ('0055','휴대폰',55,'010-0000-0109',to_date('20/05/15','RR/MM/DD'));
Insert into "고객전화번호이력" ("고객번호","전화구분코드","전화번호순번","전화번호","생성일시") values ('0055','집전화',55,'02-000-0110',to_date('20/05/16','RR/MM/DD'));
Insert into "고객전화번호이력" ("고객번호","전화구분코드","전화번호순번","전화번호","생성일시") values ('0056','휴대폰',56,'010-0000-0111',to_date('20/05/17','RR/MM/DD'));
Insert into "고객전화번호이력" ("고객번호","전화구분코드","전화번호순번","전화번호","생성일시") values ('0056','집전화',56,'02-000-0112',to_date('20/05/18','RR/MM/DD'));
Insert into "고객전화번호이력" ("고객번호","전화구분코드","전화번호순번","전화번호","생성일시") values ('0057','휴대폰',57,'010-0000-0113',to_date('20/05/19','RR/MM/DD'));
Insert into "고객전화번호이력" ("고객번호","전화구분코드","전화번호순번","전화번호","생성일시") values ('0057','집전화',57,'02-000-0114',to_date('20/05/20','RR/MM/DD'));
Insert into "고객전화번호이력" ("고객번호","전화구분코드","전화번호순번","전화번호","생성일시") values ('0058','휴대폰',58,'010-0000-0115',to_date('20/05/21','RR/MM/DD'));
Insert into "고객전화번호이력" ("고객번호","전화구분코드","전화번호순번","전화번호","생성일시") values ('0058','집전화',58,'02-000-0116',to_date('20/05/22','RR/MM/DD'));
Insert into "고객전화번호이력" ("고객번호","전화구분코드","전화번호순번","전화번호","생성일시") values ('0059','휴대폰',59,'010-0000-0117',to_date('20/05/23','RR/MM/DD'));
Insert into "고객전화번호이력" ("고객번호","전화구분코드","전화번호순번","전화번호","생성일시") values ('0059','집전화',59,'02-000-0118',to_date('20/05/24','RR/MM/DD'));
Insert into "고객전화번호이력" ("고객번호","전화구분코드","전화번호순번","전화번호","생성일시") values ('0060','휴대폰',60,'010-0000-0119',to_date('20/05/25','RR/MM/DD'));
Insert into "고객전화번호이력" ("고객번호","전화구분코드","전화번호순번","전화번호","생성일시") values ('0060','집전화',60,'02-000-0120',to_date('20/05/26','RR/MM/DD'));
Insert into "고객전화번호이력" ("고객번호","전화구분코드","전화번호순번","전화번호","생성일시") values ('0061','휴대폰',61,'010-0000-0121',to_date('20/05/27','RR/MM/DD'));
Insert into "고객전화번호이력" ("고객번호","전화구분코드","전화번호순번","전화번호","생성일시") values ('0061','집전화',61,'02-000-0122',to_date('20/05/28','RR/MM/DD'));
Insert into "고객전화번호이력" ("고객번호","전화구분코드","전화번호순번","전화번호","생성일시") values ('0062','휴대폰',62,'010-0000-0123',to_date('20/05/29','RR/MM/DD'));
Insert into "고객전화번호이력" ("고객번호","전화구분코드","전화번호순번","전화번호","생성일시") values ('0062','집전화',62,'02-000-0124',to_date('20/05/30','RR/MM/DD'));
Insert into "고객전화번호이력" ("고객번호","전화구분코드","전화번호순번","전화번호","생성일시") values ('0063','휴대폰',63,'010-0000-0125',to_date('20/05/31','RR/MM/DD'));
Insert into "고객전화번호이력" ("고객번호","전화구분코드","전화번호순번","전화번호","생성일시") values ('0063','집전화',63,'02-000-0126',to_date('20/06/01','RR/MM/DD'));
Insert into "고객전화번호이력" ("고객번호","전화구분코드","전화번호순번","전화번호","생성일시") values ('0064','휴대폰',64,'010-0000-0127',to_date('20/06/02','RR/MM/DD'));
Insert into "고객전화번호이력" ("고객번호","전화구분코드","전화번호순번","전화번호","생성일시") values ('0064','집전화',64,'02-000-0128',to_date('20/06/03','RR/MM/DD'));
Insert into "고객전화번호이력" ("고객번호","전화구분코드","전화번호순번","전화번호","생성일시") values ('0065','휴대폰',65,'010-0000-0129',to_date('20/06/04','RR/MM/DD'));
Insert into "고객전화번호이력" ("고객번호","전화구분코드","전화번호순번","전화번호","생성일시") values ('0065','집전화',65,'02-000-0130',to_date('20/06/05','RR/MM/DD'));
Insert into "고객전화번호이력" ("고객번호","전화구분코드","전화번호순번","전화번호","생성일시") values ('0066','휴대폰',66,'010-0000-0131',to_date('20/06/06','RR/MM/DD'));
Insert into "고객전화번호이력" ("고객번호","전화구분코드","전화번호순번","전화번호","생성일시") values ('0066','집전화',66,'02-000-0132',to_date('20/06/07','RR/MM/DD'));
Insert into "고객전화번호이력" ("고객번호","전화구분코드","전화번호순번","전화번호","생성일시") values ('0067','휴대폰',67,'010-0000-0133',to_date('20/06/08','RR/MM/DD'));
Insert into "고객전화번호이력" ("고객번호","전화구분코드","전화번호순번","전화번호","생성일시") values ('0067','집전화',67,'02-000-0134',to_date('20/06/09','RR/MM/DD'));
Insert into "고객전화번호이력" ("고객번호","전화구분코드","전화번호순번","전화번호","생성일시") values ('0068','휴대폰',68,'010-0000-0135',to_date('20/06/10','RR/MM/DD'));
Insert into "고객전화번호이력" ("고객번호","전화구분코드","전화번호순번","전화번호","생성일시") values ('0068','집전화',68,'02-000-0136',to_date('20/06/11','RR/MM/DD'));
Insert into "고객전화번호이력" ("고객번호","전화구분코드","전화번호순번","전화번호","생성일시") values ('0069','휴대폰',69,'010-0000-0137',to_date('20/06/12','RR/MM/DD'));
Insert into "고객전화번호이력" ("고객번호","전화구분코드","전화번호순번","전화번호","생성일시") values ('0069','집전화',69,'02-000-0138',to_date('20/06/13','RR/MM/DD'));
Insert into "고객전화번호이력" ("고객번호","전화구분코드","전화번호순번","전화번호","생성일시") values ('0070','휴대폰',70,'010-0000-0139',to_date('20/06/14','RR/MM/DD'));
Insert into "고객전화번호이력" ("고객번호","전화구분코드","전화번호순번","전화번호","생성일시") values ('0070','집전화',70,'02-000-0140',to_date('20/06/15','RR/MM/DD'));
Insert into "고객전화번호이력" ("고객번호","전화구분코드","전화번호순번","전화번호","생성일시") values ('0071','휴대폰',71,'010-0000-0141',to_date('20/06/16','RR/MM/DD'));
Insert into "고객전화번호이력" ("고객번호","전화구분코드","전화번호순번","전화번호","생성일시") values ('0071','집전화',71,'02-000-0142',to_date('20/06/17','RR/MM/DD'));
Insert into "고객전화번호이력" ("고객번호","전화구분코드","전화번호순번","전화번호","생성일시") values ('0072','휴대폰',72,'010-0000-0143',to_date('20/06/18','RR/MM/DD'));
Insert into "고객전화번호이력" ("고객번호","전화구분코드","전화번호순번","전화번호","생성일시") values ('0072','집전화',72,'02-000-0144',to_date('20/06/19','RR/MM/DD'));
Insert into "고객전화번호이력" ("고객번호","전화구분코드","전화번호순번","전화번호","생성일시") values ('0073','휴대폰',73,'010-0000-0145',to_date('20/06/20','RR/MM/DD'));
Insert into "고객전화번호이력" ("고객번호","전화구분코드","전화번호순번","전화번호","생성일시") values ('0073','집전화',73,'02-000-0146',to_date('20/06/21','RR/MM/DD'));
Insert into "고객전화번호이력" ("고객번호","전화구분코드","전화번호순번","전화번호","생성일시") values ('0074','휴대폰',74,'010-0000-0147',to_date('20/06/22','RR/MM/DD'));
Insert into "고객전화번호이력" ("고객번호","전화구분코드","전화번호순번","전화번호","생성일시") values ('0074','집전화',74,'02-000-0148',to_date('20/06/23','RR/MM/DD'));
Insert into "고객전화번호이력" ("고객번호","전화구분코드","전화번호순번","전화번호","생성일시") values ('0075','휴대폰',75,'010-0000-0149',to_date('20/06/24','RR/MM/DD'));
Insert into "고객전화번호이력" ("고객번호","전화구분코드","전화번호순번","전화번호","생성일시") values ('0075','집전화',75,'02-000-0150',to_date('20/06/25','RR/MM/DD'));
Insert into "고객전화번호이력" ("고객번호","전화구분코드","전화번호순번","전화번호","생성일시") values ('0076','휴대폰',76,'010-0000-0151',to_date('20/06/26','RR/MM/DD'));
Insert into "고객전화번호이력" ("고객번호","전화구분코드","전화번호순번","전화번호","생성일시") values ('0076','집전화',76,'02-000-0152',to_date('20/06/27','RR/MM/DD'));
Insert into "고객전화번호이력" ("고객번호","전화구분코드","전화번호순번","전화번호","생성일시") values ('0077','휴대폰',77,'010-0000-0153',to_date('20/06/28','RR/MM/DD'));
Insert into "고객전화번호이력" ("고객번호","전화구분코드","전화번호순번","전화번호","생성일시") values ('0077','집전화',77,'02-000-0154',to_date('20/06/29','RR/MM/DD'));
Insert into "고객전화번호이력" ("고객번호","전화구분코드","전화번호순번","전화번호","생성일시") values ('0078','휴대폰',78,'010-0000-0155',to_date('20/06/30','RR/MM/DD'));
Insert into "고객전화번호이력" ("고객번호","전화구분코드","전화번호순번","전화번호","생성일시") values ('0078','집전화',78,'02-000-0156',to_date('20/07/01','RR/MM/DD'));
Insert into "고객전화번호이력" ("고객번호","전화구분코드","전화번호순번","전화번호","생성일시") values ('0079','휴대폰',79,'010-0000-0157',to_date('20/07/02','RR/MM/DD'));
Insert into "고객전화번호이력" ("고객번호","전화구분코드","전화번호순번","전화번호","생성일시") values ('0079','집전화',79,'02-000-0158',to_date('20/07/03','RR/MM/DD'));
Insert into "고객전화번호이력" ("고객번호","전화구분코드","전화번호순번","전화번호","생성일시") values ('0080','휴대폰',80,'010-0000-0159',to_date('20/07/04','RR/MM/DD'));
Insert into "고객전화번호이력" ("고객번호","전화구분코드","전화번호순번","전화번호","생성일시") values ('0080','집전화',80,'02-000-0160',to_date('20/07/05','RR/MM/DD'));
Insert into "고객전화번호이력" ("고객번호","전화구분코드","전화번호순번","전화번호","생성일시") values ('0081','휴대폰',81,'010-0000-0161',to_date('20/07/06','RR/MM/DD'));
Insert into "고객전화번호이력" ("고객번호","전화구분코드","전화번호순번","전화번호","생성일시") values ('0081','집전화',81,'02-000-0162',to_date('20/07/07','RR/MM/DD'));
Insert into "고객전화번호이력" ("고객번호","전화구분코드","전화번호순번","전화번호","생성일시") values ('0082','휴대폰',82,'010-0000-0163',to_date('20/07/08','RR/MM/DD'));
Insert into "고객전화번호이력" ("고객번호","전화구분코드","전화번호순번","전화번호","생성일시") values ('0082','집전화',82,'02-000-0164',to_date('20/07/09','RR/MM/DD'));
Insert into "고객전화번호이력" ("고객번호","전화구분코드","전화번호순번","전화번호","생성일시") values ('0083','휴대폰',83,'010-0000-0165',to_date('20/07/10','RR/MM/DD'));
Insert into "고객전화번호이력" ("고객번호","전화구분코드","전화번호순번","전화번호","생성일시") values ('0083','집전화',83,'02-000-0166',to_date('20/07/11','RR/MM/DD'));
Insert into "고객전화번호이력" ("고객번호","전화구분코드","전화번호순번","전화번호","생성일시") values ('0084','휴대폰',84,'010-0000-0167',to_date('20/07/12','RR/MM/DD'));
Insert into "고객전화번호이력" ("고객번호","전화구분코드","전화번호순번","전화번호","생성일시") values ('0084','집전화',84,'02-000-0168',to_date('20/07/13','RR/MM/DD'));
Insert into "고객전화번호이력" ("고객번호","전화구분코드","전화번호순번","전화번호","생성일시") values ('0085','휴대폰',85,'010-0000-0169',to_date('20/07/14','RR/MM/DD'));
Insert into "고객전화번호이력" ("고객번호","전화구분코드","전화번호순번","전화번호","생성일시") values ('0085','집전화',85,'02-000-0170',to_date('20/07/15','RR/MM/DD'));
Insert into "고객전화번호이력" ("고객번호","전화구분코드","전화번호순번","전화번호","생성일시") values ('0086','휴대폰',86,'010-0000-0171',to_date('20/07/16','RR/MM/DD'));
Insert into "고객전화번호이력" ("고객번호","전화구분코드","전화번호순번","전화번호","생성일시") values ('0086','집전화',86,'02-000-0172',to_date('20/07/17','RR/MM/DD'));
Insert into "고객전화번호이력" ("고객번호","전화구분코드","전화번호순번","전화번호","생성일시") values ('0087','휴대폰',87,'010-0000-0173',to_date('20/07/18','RR/MM/DD'));
Insert into "고객전화번호이력" ("고객번호","전화구분코드","전화번호순번","전화번호","생성일시") values ('0087','집전화',87,'02-000-0174',to_date('20/07/19','RR/MM/DD'));
Insert into "고객전화번호이력" ("고객번호","전화구분코드","전화번호순번","전화번호","생성일시") values ('0088','휴대폰',88,'010-0000-0175',to_date('20/07/20','RR/MM/DD'));
Insert into "고객전화번호이력" ("고객번호","전화구분코드","전화번호순번","전화번호","생성일시") values ('0088','집전화',88,'02-000-0176',to_date('20/07/21','RR/MM/DD'));
Insert into "고객전화번호이력" ("고객번호","전화구분코드","전화번호순번","전화번호","생성일시") values ('0089','휴대폰',89,'010-0000-0177',to_date('20/07/22','RR/MM/DD'));
Insert into "고객전화번호이력" ("고객번호","전화구분코드","전화번호순번","전화번호","생성일시") values ('0089','집전화',89,'02-000-0178',to_date('20/07/23','RR/MM/DD'));
Insert into "고객전화번호이력" ("고객번호","전화구분코드","전화번호순번","전화번호","생성일시") values ('0090','휴대폰',90,'010-0000-0179',to_date('20/07/24','RR/MM/DD'));
Insert into "고객전화번호이력" ("고객번호","전화구분코드","전화번호순번","전화번호","생성일시") values ('0090','집전화',90,'02-000-0180',to_date('20/07/25','RR/MM/DD'));
Insert into "고객전화번호이력" ("고객번호","전화구분코드","전화번호순번","전화번호","생성일시") values ('0091','휴대폰',91,'010-0000-0181',to_date('20/07/26','RR/MM/DD'));
Insert into "고객전화번호이력" ("고객번호","전화구분코드","전화번호순번","전화번호","생성일시") values ('0091','집전화',91,'02-000-0182',to_date('20/07/27','RR/MM/DD'));
Insert into "고객전화번호이력" ("고객번호","전화구분코드","전화번호순번","전화번호","생성일시") values ('0092','휴대폰',92,'010-0000-0183',to_date('20/07/28','RR/MM/DD'));
Insert into "고객전화번호이력" ("고객번호","전화구분코드","전화번호순번","전화번호","생성일시") values ('0092','집전화',92,'02-000-0184',to_date('20/07/29','RR/MM/DD'));
Insert into "고객전화번호이력" ("고객번호","전화구분코드","전화번호순번","전화번호","생성일시") values ('0093','휴대폰',93,'010-0000-0185',to_date('20/07/30','RR/MM/DD'));
Insert into "고객전화번호이력" ("고객번호","전화구분코드","전화번호순번","전화번호","생성일시") values ('0093','집전화',93,'02-000-0186',to_date('20/07/31','RR/MM/DD'));
Insert into "고객전화번호이력" ("고객번호","전화구분코드","전화번호순번","전화번호","생성일시") values ('0094','휴대폰',94,'010-0000-0187',to_date('20/08/01','RR/MM/DD'));
Insert into "고객전화번호이력" ("고객번호","전화구분코드","전화번호순번","전화번호","생성일시") values ('0094','집전화',94,'02-000-0188',to_date('20/08/02','RR/MM/DD'));
Insert into "고객전화번호이력" ("고객번호","전화구분코드","전화번호순번","전화번호","생성일시") values ('0095','휴대폰',95,'010-0000-0189',to_date('20/08/03','RR/MM/DD'));
Insert into "고객전화번호이력" ("고객번호","전화구분코드","전화번호순번","전화번호","생성일시") values ('0095','집전화',95,'02-000-0190',to_date('20/08/04','RR/MM/DD'));
Insert into "고객전화번호이력" ("고객번호","전화구분코드","전화번호순번","전화번호","생성일시") values ('0096','휴대폰',96,'010-0000-0191',to_date('20/08/05','RR/MM/DD'));
Insert into "고객전화번호이력" ("고객번호","전화구분코드","전화번호순번","전화번호","생성일시") values ('0096','집전화',96,'02-000-0192',to_date('20/08/06','RR/MM/DD'));
Insert into "고객전화번호이력" ("고객번호","전화구분코드","전화번호순번","전화번호","생성일시") values ('0097','휴대폰',97,'010-0000-0193',to_date('20/08/07','RR/MM/DD'));
Insert into "고객전화번호이력" ("고객번호","전화구분코드","전화번호순번","전화번호","생성일시") values ('0097','집전화',97,'02-000-0194',to_date('20/08/08','RR/MM/DD'));
Insert into "고객전화번호이력" ("고객번호","전화구분코드","전화번호순번","전화번호","생성일시") values ('0098','휴대폰',98,'010-0000-0195',to_date('20/08/09','RR/MM/DD'));
Insert into "고객전화번호이력" ("고객번호","전화구분코드","전화번호순번","전화번호","생성일시") values ('0098','집전화',98,'02-000-0196',to_date('20/08/10','RR/MM/DD'));
Insert into "고객전화번호이력" ("고객번호","전화구분코드","전화번호순번","전화번호","생성일시") values ('0099','휴대폰',99,'010-0000-0197',to_date('20/08/11','RR/MM/DD'));
Insert into "고객전화번호이력" ("고객번호","전화구분코드","전화번호순번","전화번호","생성일시") values ('0099','집전화',99,'02-000-0198',to_date('20/08/12','RR/MM/DD'));
Insert into "고객전화번호이력" ("고객번호","전화구분코드","전화번호순번","전화번호","생성일시") values ('0100','휴대폰',100,'010-0000-0199',to_date('20/08/13','RR/MM/DD'));
Insert into "고객전화번호이력" ("고객번호","전화구분코드","전화번호순번","전화번호","생성일시") values ('0100','집전화',100,'02-000-0200',to_date('20/08/14','RR/MM/DD'));
REM INSERTING into "고객주소"
SET DEFINE OFF;
Insert into "고객주소" ("고객번호","주소구분코드","고객주소","생성일시") values ('0001','집','0001님의 집 주소~',to_date('20/01/28','RR/MM/DD'));
Insert into "고객주소" ("고객번호","주소구분코드","고객주소","생성일시") values ('0001','회사','0001님의 회사 주소~',to_date('20/01/29','RR/MM/DD'));
Insert into "고객주소" ("고객번호","주소구분코드","고객주소","생성일시") values ('0002','집','0002님의 집 주소~',to_date('20/01/30','RR/MM/DD'));
Insert into "고객주소" ("고객번호","주소구분코드","고객주소","생성일시") values ('0002','회사','0002님의 회사 주소~',to_date('20/01/31','RR/MM/DD'));
Insert into "고객주소" ("고객번호","주소구분코드","고객주소","생성일시") values ('0003','집','0003님의 집 주소~',to_date('20/02/01','RR/MM/DD'));
Insert into "고객주소" ("고객번호","주소구분코드","고객주소","생성일시") values ('0003','회사','0003님의 회사 주소~',to_date('20/02/02','RR/MM/DD'));
Insert into "고객주소" ("고객번호","주소구분코드","고객주소","생성일시") values ('0004','집','0004님의 집 주소~',to_date('20/02/03','RR/MM/DD'));
Insert into "고객주소" ("고객번호","주소구분코드","고객주소","생성일시") values ('0004','회사','0004님의 회사 주소~',to_date('20/02/04','RR/MM/DD'));
Insert into "고객주소" ("고객번호","주소구분코드","고객주소","생성일시") values ('0005','집','0005님의 집 주소~',to_date('20/02/05','RR/MM/DD'));
Insert into "고객주소" ("고객번호","주소구분코드","고객주소","생성일시") values ('0005','회사','0005님의 회사 주소~',to_date('20/02/06','RR/MM/DD'));
Insert into "고객주소" ("고객번호","주소구분코드","고객주소","생성일시") values ('0006','집','0006님의 집 주소~',to_date('20/02/07','RR/MM/DD'));
Insert into "고객주소" ("고객번호","주소구분코드","고객주소","생성일시") values ('0006','회사','0006님의 회사 주소~',to_date('20/02/08','RR/MM/DD'));
Insert into "고객주소" ("고객번호","주소구분코드","고객주소","생성일시") values ('0007','집','0007님의 집 주소~',to_date('20/02/09','RR/MM/DD'));
Insert into "고객주소" ("고객번호","주소구분코드","고객주소","생성일시") values ('0007','회사','0007님의 회사 주소~',to_date('20/02/10','RR/MM/DD'));
Insert into "고객주소" ("고객번호","주소구분코드","고객주소","생성일시") values ('0008','집','0008님의 집 주소~',to_date('20/02/11','RR/MM/DD'));
Insert into "고객주소" ("고객번호","주소구분코드","고객주소","생성일시") values ('0008','회사','0008님의 회사 주소~',to_date('20/02/12','RR/MM/DD'));
Insert into "고객주소" ("고객번호","주소구분코드","고객주소","생성일시") values ('0009','집','0009님의 집 주소~',to_date('20/02/13','RR/MM/DD'));
Insert into "고객주소" ("고객번호","주소구분코드","고객주소","생성일시") values ('0009','회사','0009님의 회사 주소~',to_date('20/02/14','RR/MM/DD'));
Insert into "고객주소" ("고객번호","주소구분코드","고객주소","생성일시") values ('0010','집','0010님의 집 주소~',to_date('20/02/15','RR/MM/DD'));
Insert into "고객주소" ("고객번호","주소구분코드","고객주소","생성일시") values ('0010','회사','0010님의 회사 주소~',to_date('20/02/16','RR/MM/DD'));
Insert into "고객주소" ("고객번호","주소구분코드","고객주소","생성일시") values ('0011','집','0011님의 집 주소~',to_date('20/02/17','RR/MM/DD'));
Insert into "고객주소" ("고객번호","주소구분코드","고객주소","생성일시") values ('0011','회사','0011님의 회사 주소~',to_date('20/02/18','RR/MM/DD'));
Insert into "고객주소" ("고객번호","주소구분코드","고객주소","생성일시") values ('0012','집','0012님의 집 주소~',to_date('20/02/19','RR/MM/DD'));
Insert into "고객주소" ("고객번호","주소구분코드","고객주소","생성일시") values ('0012','회사','0012님의 회사 주소~',to_date('20/02/20','RR/MM/DD'));
Insert into "고객주소" ("고객번호","주소구분코드","고객주소","생성일시") values ('0013','집','0013님의 집 주소~',to_date('20/02/21','RR/MM/DD'));
Insert into "고객주소" ("고객번호","주소구분코드","고객주소","생성일시") values ('0013','회사','0013님의 회사 주소~',to_date('20/02/22','RR/MM/DD'));
Insert into "고객주소" ("고객번호","주소구분코드","고객주소","생성일시") values ('0014','집','0014님의 집 주소~',to_date('20/02/23','RR/MM/DD'));
Insert into "고객주소" ("고객번호","주소구분코드","고객주소","생성일시") values ('0014','회사','0014님의 회사 주소~',to_date('20/02/24','RR/MM/DD'));
Insert into "고객주소" ("고객번호","주소구분코드","고객주소","생성일시") values ('0015','집','0015님의 집 주소~',to_date('20/02/25','RR/MM/DD'));
Insert into "고객주소" ("고객번호","주소구분코드","고객주소","생성일시") values ('0015','회사','0015님의 회사 주소~',to_date('20/02/26','RR/MM/DD'));
Insert into "고객주소" ("고객번호","주소구분코드","고객주소","생성일시") values ('0016','집','0016님의 집 주소~',to_date('20/02/27','RR/MM/DD'));
Insert into "고객주소" ("고객번호","주소구분코드","고객주소","생성일시") values ('0016','회사','0016님의 회사 주소~',to_date('20/02/28','RR/MM/DD'));
Insert into "고객주소" ("고객번호","주소구분코드","고객주소","생성일시") values ('0017','집','0017님의 집 주소~',to_date('20/02/29','RR/MM/DD'));
Insert into "고객주소" ("고객번호","주소구분코드","고객주소","생성일시") values ('0017','회사','0017님의 회사 주소~',to_date('20/03/01','RR/MM/DD'));
Insert into "고객주소" ("고객번호","주소구분코드","고객주소","생성일시") values ('0018','집','0018님의 집 주소~',to_date('20/03/02','RR/MM/DD'));
Insert into "고객주소" ("고객번호","주소구분코드","고객주소","생성일시") values ('0018','회사','0018님의 회사 주소~',to_date('20/03/03','RR/MM/DD'));
Insert into "고객주소" ("고객번호","주소구분코드","고객주소","생성일시") values ('0019','집','0019님의 집 주소~',to_date('20/03/04','RR/MM/DD'));
Insert into "고객주소" ("고객번호","주소구분코드","고객주소","생성일시") values ('0019','회사','0019님의 회사 주소~',to_date('20/03/05','RR/MM/DD'));
Insert into "고객주소" ("고객번호","주소구분코드","고객주소","생성일시") values ('0020','집','0020님의 집 주소~',to_date('20/03/06','RR/MM/DD'));
Insert into "고객주소" ("고객번호","주소구분코드","고객주소","생성일시") values ('0020','회사','0020님의 회사 주소~',to_date('20/03/07','RR/MM/DD'));
Insert into "고객주소" ("고객번호","주소구분코드","고객주소","생성일시") values ('0021','집','0021님의 집 주소~',to_date('20/03/08','RR/MM/DD'));
Insert into "고객주소" ("고객번호","주소구분코드","고객주소","생성일시") values ('0021','회사','0021님의 회사 주소~',to_date('20/03/09','RR/MM/DD'));
Insert into "고객주소" ("고객번호","주소구분코드","고객주소","생성일시") values ('0022','집','0022님의 집 주소~',to_date('20/03/10','RR/MM/DD'));
Insert into "고객주소" ("고객번호","주소구분코드","고객주소","생성일시") values ('0022','회사','0022님의 회사 주소~',to_date('20/03/11','RR/MM/DD'));
Insert into "고객주소" ("고객번호","주소구분코드","고객주소","생성일시") values ('0023','집','0023님의 집 주소~',to_date('20/03/12','RR/MM/DD'));
Insert into "고객주소" ("고객번호","주소구분코드","고객주소","생성일시") values ('0023','회사','0023님의 회사 주소~',to_date('20/03/13','RR/MM/DD'));
Insert into "고객주소" ("고객번호","주소구분코드","고객주소","생성일시") values ('0024','집','0024님의 집 주소~',to_date('20/03/14','RR/MM/DD'));
Insert into "고객주소" ("고객번호","주소구분코드","고객주소","생성일시") values ('0024','회사','0024님의 회사 주소~',to_date('20/03/15','RR/MM/DD'));
Insert into "고객주소" ("고객번호","주소구분코드","고객주소","생성일시") values ('0025','집','0025님의 집 주소~',to_date('20/03/16','RR/MM/DD'));
Insert into "고객주소" ("고객번호","주소구분코드","고객주소","생성일시") values ('0025','회사','0025님의 회사 주소~',to_date('20/03/17','RR/MM/DD'));
Insert into "고객주소" ("고객번호","주소구분코드","고객주소","생성일시") values ('0026','집','0026님의 집 주소~',to_date('20/03/18','RR/MM/DD'));
Insert into "고객주소" ("고객번호","주소구분코드","고객주소","생성일시") values ('0026','회사','0026님의 회사 주소~',to_date('20/03/19','RR/MM/DD'));
Insert into "고객주소" ("고객번호","주소구분코드","고객주소","생성일시") values ('0027','집','0027님의 집 주소~',to_date('20/03/20','RR/MM/DD'));
Insert into "고객주소" ("고객번호","주소구분코드","고객주소","생성일시") values ('0027','회사','0027님의 회사 주소~',to_date('20/03/21','RR/MM/DD'));
Insert into "고객주소" ("고객번호","주소구분코드","고객주소","생성일시") values ('0028','집','0028님의 집 주소~',to_date('20/03/22','RR/MM/DD'));
Insert into "고객주소" ("고객번호","주소구분코드","고객주소","생성일시") values ('0028','회사','0028님의 회사 주소~',to_date('20/03/23','RR/MM/DD'));
Insert into "고객주소" ("고객번호","주소구분코드","고객주소","생성일시") values ('0029','집','0029님의 집 주소~',to_date('20/03/24','RR/MM/DD'));
Insert into "고객주소" ("고객번호","주소구분코드","고객주소","생성일시") values ('0029','회사','0029님의 회사 주소~',to_date('20/03/25','RR/MM/DD'));
Insert into "고객주소" ("고객번호","주소구분코드","고객주소","생성일시") values ('0030','집','0030님의 집 주소~',to_date('20/03/26','RR/MM/DD'));
Insert into "고객주소" ("고객번호","주소구분코드","고객주소","생성일시") values ('0030','회사','0030님의 회사 주소~',to_date('20/03/27','RR/MM/DD'));
Insert into "고객주소" ("고객번호","주소구분코드","고객주소","생성일시") values ('0031','집','0031님의 집 주소~',to_date('20/03/28','RR/MM/DD'));
Insert into "고객주소" ("고객번호","주소구분코드","고객주소","생성일시") values ('0031','회사','0031님의 회사 주소~',to_date('20/03/29','RR/MM/DD'));
Insert into "고객주소" ("고객번호","주소구분코드","고객주소","생성일시") values ('0032','집','0032님의 집 주소~',to_date('20/03/30','RR/MM/DD'));
Insert into "고객주소" ("고객번호","주소구분코드","고객주소","생성일시") values ('0032','회사','0032님의 회사 주소~',to_date('20/03/31','RR/MM/DD'));
Insert into "고객주소" ("고객번호","주소구분코드","고객주소","생성일시") values ('0033','집','0033님의 집 주소~',to_date('20/04/01','RR/MM/DD'));
Insert into "고객주소" ("고객번호","주소구분코드","고객주소","생성일시") values ('0033','회사','0033님의 회사 주소~',to_date('20/04/02','RR/MM/DD'));
Insert into "고객주소" ("고객번호","주소구분코드","고객주소","생성일시") values ('0034','집','0034님의 집 주소~',to_date('20/04/03','RR/MM/DD'));
Insert into "고객주소" ("고객번호","주소구분코드","고객주소","생성일시") values ('0034','회사','0034님의 회사 주소~',to_date('20/04/04','RR/MM/DD'));
Insert into "고객주소" ("고객번호","주소구분코드","고객주소","생성일시") values ('0035','집','0035님의 집 주소~',to_date('20/04/05','RR/MM/DD'));
Insert into "고객주소" ("고객번호","주소구분코드","고객주소","생성일시") values ('0035','회사','0035님의 회사 주소~',to_date('20/04/06','RR/MM/DD'));
Insert into "고객주소" ("고객번호","주소구분코드","고객주소","생성일시") values ('0036','집','0036님의 집 주소~',to_date('20/04/07','RR/MM/DD'));
Insert into "고객주소" ("고객번호","주소구분코드","고객주소","생성일시") values ('0036','회사','0036님의 회사 주소~',to_date('20/04/08','RR/MM/DD'));
Insert into "고객주소" ("고객번호","주소구분코드","고객주소","생성일시") values ('0037','집','0037님의 집 주소~',to_date('20/04/09','RR/MM/DD'));
Insert into "고객주소" ("고객번호","주소구분코드","고객주소","생성일시") values ('0037','회사','0037님의 회사 주소~',to_date('20/04/10','RR/MM/DD'));
Insert into "고객주소" ("고객번호","주소구분코드","고객주소","생성일시") values ('0038','집','0038님의 집 주소~',to_date('20/04/11','RR/MM/DD'));
Insert into "고객주소" ("고객번호","주소구분코드","고객주소","생성일시") values ('0038','회사','0038님의 회사 주소~',to_date('20/04/12','RR/MM/DD'));
Insert into "고객주소" ("고객번호","주소구분코드","고객주소","생성일시") values ('0039','집','0039님의 집 주소~',to_date('20/04/13','RR/MM/DD'));
Insert into "고객주소" ("고객번호","주소구분코드","고객주소","생성일시") values ('0039','회사','0039님의 회사 주소~',to_date('20/04/14','RR/MM/DD'));
Insert into "고객주소" ("고객번호","주소구분코드","고객주소","생성일시") values ('0040','집','0040님의 집 주소~',to_date('20/04/15','RR/MM/DD'));
Insert into "고객주소" ("고객번호","주소구분코드","고객주소","생성일시") values ('0040','회사','0040님의 회사 주소~',to_date('20/04/16','RR/MM/DD'));
Insert into "고객주소" ("고객번호","주소구분코드","고객주소","생성일시") values ('0041','집','0041님의 집 주소~',to_date('20/04/17','RR/MM/DD'));
Insert into "고객주소" ("고객번호","주소구분코드","고객주소","생성일시") values ('0041','회사','0041님의 회사 주소~',to_date('20/04/18','RR/MM/DD'));
Insert into "고객주소" ("고객번호","주소구분코드","고객주소","생성일시") values ('0042','집','0042님의 집 주소~',to_date('20/04/19','RR/MM/DD'));
Insert into "고객주소" ("고객번호","주소구분코드","고객주소","생성일시") values ('0042','회사','0042님의 회사 주소~',to_date('20/04/20','RR/MM/DD'));
Insert into "고객주소" ("고객번호","주소구분코드","고객주소","생성일시") values ('0043','집','0043님의 집 주소~',to_date('20/04/21','RR/MM/DD'));
Insert into "고객주소" ("고객번호","주소구분코드","고객주소","생성일시") values ('0043','회사','0043님의 회사 주소~',to_date('20/04/22','RR/MM/DD'));
Insert into "고객주소" ("고객번호","주소구분코드","고객주소","생성일시") values ('0044','집','0044님의 집 주소~',to_date('20/04/23','RR/MM/DD'));
Insert into "고객주소" ("고객번호","주소구분코드","고객주소","생성일시") values ('0044','회사','0044님의 회사 주소~',to_date('20/04/24','RR/MM/DD'));
Insert into "고객주소" ("고객번호","주소구분코드","고객주소","생성일시") values ('0045','집','0045님의 집 주소~',to_date('20/04/25','RR/MM/DD'));
Insert into "고객주소" ("고객번호","주소구분코드","고객주소","생성일시") values ('0045','회사','0045님의 회사 주소~',to_date('20/04/26','RR/MM/DD'));
Insert into "고객주소" ("고객번호","주소구분코드","고객주소","생성일시") values ('0046','집','0046님의 집 주소~',to_date('20/04/27','RR/MM/DD'));
Insert into "고객주소" ("고객번호","주소구분코드","고객주소","생성일시") values ('0046','회사','0046님의 회사 주소~',to_date('20/04/28','RR/MM/DD'));
Insert into "고객주소" ("고객번호","주소구분코드","고객주소","생성일시") values ('0047','집','0047님의 집 주소~',to_date('20/04/29','RR/MM/DD'));
Insert into "고객주소" ("고객번호","주소구분코드","고객주소","생성일시") values ('0047','회사','0047님의 회사 주소~',to_date('20/04/30','RR/MM/DD'));
Insert into "고객주소" ("고객번호","주소구분코드","고객주소","생성일시") values ('0048','집','0048님의 집 주소~',to_date('20/05/01','RR/MM/DD'));
Insert into "고객주소" ("고객번호","주소구분코드","고객주소","생성일시") values ('0048','회사','0048님의 회사 주소~',to_date('20/05/02','RR/MM/DD'));
Insert into "고객주소" ("고객번호","주소구분코드","고객주소","생성일시") values ('0049','집','0049님의 집 주소~',to_date('20/05/03','RR/MM/DD'));
Insert into "고객주소" ("고객번호","주소구분코드","고객주소","생성일시") values ('0049','회사','0049님의 회사 주소~',to_date('20/05/04','RR/MM/DD'));
Insert into "고객주소" ("고객번호","주소구분코드","고객주소","생성일시") values ('0050','집','0050님의 집 주소~',to_date('20/05/05','RR/MM/DD'));
Insert into "고객주소" ("고객번호","주소구분코드","고객주소","생성일시") values ('0050','회사','0050님의 회사 주소~',to_date('20/05/06','RR/MM/DD'));
Insert into "고객주소" ("고객번호","주소구분코드","고객주소","생성일시") values ('0051','집','0051님의 집 주소~',to_date('20/05/07','RR/MM/DD'));
Insert into "고객주소" ("고객번호","주소구분코드","고객주소","생성일시") values ('0051','회사','0051님의 회사 주소~',to_date('20/05/08','RR/MM/DD'));
Insert into "고객주소" ("고객번호","주소구분코드","고객주소","생성일시") values ('0052','집','0052님의 집 주소~',to_date('20/05/09','RR/MM/DD'));
Insert into "고객주소" ("고객번호","주소구분코드","고객주소","생성일시") values ('0052','회사','0052님의 회사 주소~',to_date('20/05/10','RR/MM/DD'));
Insert into "고객주소" ("고객번호","주소구분코드","고객주소","생성일시") values ('0053','집','0053님의 집 주소~',to_date('20/05/11','RR/MM/DD'));
Insert into "고객주소" ("고객번호","주소구분코드","고객주소","생성일시") values ('0053','회사','0053님의 회사 주소~',to_date('20/05/12','RR/MM/DD'));
Insert into "고객주소" ("고객번호","주소구분코드","고객주소","생성일시") values ('0054','집','0054님의 집 주소~',to_date('20/05/13','RR/MM/DD'));
Insert into "고객주소" ("고객번호","주소구분코드","고객주소","생성일시") values ('0054','회사','0054님의 회사 주소~',to_date('20/05/14','RR/MM/DD'));
Insert into "고객주소" ("고객번호","주소구분코드","고객주소","생성일시") values ('0055','집','0055님의 집 주소~',to_date('20/05/15','RR/MM/DD'));
Insert into "고객주소" ("고객번호","주소구분코드","고객주소","생성일시") values ('0055','회사','0055님의 회사 주소~',to_date('20/05/16','RR/MM/DD'));
Insert into "고객주소" ("고객번호","주소구분코드","고객주소","생성일시") values ('0056','집','0056님의 집 주소~',to_date('20/05/17','RR/MM/DD'));
Insert into "고객주소" ("고객번호","주소구분코드","고객주소","생성일시") values ('0056','회사','0056님의 회사 주소~',to_date('20/05/18','RR/MM/DD'));
Insert into "고객주소" ("고객번호","주소구분코드","고객주소","생성일시") values ('0057','집','0057님의 집 주소~',to_date('20/05/19','RR/MM/DD'));
Insert into "고객주소" ("고객번호","주소구분코드","고객주소","생성일시") values ('0057','회사','0057님의 회사 주소~',to_date('20/05/20','RR/MM/DD'));
Insert into "고객주소" ("고객번호","주소구분코드","고객주소","생성일시") values ('0058','집','0058님의 집 주소~',to_date('20/05/21','RR/MM/DD'));
Insert into "고객주소" ("고객번호","주소구분코드","고객주소","생성일시") values ('0058','회사','0058님의 회사 주소~',to_date('20/05/22','RR/MM/DD'));
Insert into "고객주소" ("고객번호","주소구분코드","고객주소","생성일시") values ('0059','집','0059님의 집 주소~',to_date('20/05/23','RR/MM/DD'));
Insert into "고객주소" ("고객번호","주소구분코드","고객주소","생성일시") values ('0059','회사','0059님의 회사 주소~',to_date('20/05/24','RR/MM/DD'));
Insert into "고객주소" ("고객번호","주소구분코드","고객주소","생성일시") values ('0060','집','0060님의 집 주소~',to_date('20/05/25','RR/MM/DD'));
Insert into "고객주소" ("고객번호","주소구분코드","고객주소","생성일시") values ('0060','회사','0060님의 회사 주소~',to_date('20/05/26','RR/MM/DD'));
Insert into "고객주소" ("고객번호","주소구분코드","고객주소","생성일시") values ('0061','집','0061님의 집 주소~',to_date('20/05/27','RR/MM/DD'));
Insert into "고객주소" ("고객번호","주소구분코드","고객주소","생성일시") values ('0061','회사','0061님의 회사 주소~',to_date('20/05/28','RR/MM/DD'));
Insert into "고객주소" ("고객번호","주소구분코드","고객주소","생성일시") values ('0062','집','0062님의 집 주소~',to_date('20/05/29','RR/MM/DD'));
Insert into "고객주소" ("고객번호","주소구분코드","고객주소","생성일시") values ('0062','회사','0062님의 회사 주소~',to_date('20/05/30','RR/MM/DD'));
Insert into "고객주소" ("고객번호","주소구분코드","고객주소","생성일시") values ('0063','집','0063님의 집 주소~',to_date('20/05/31','RR/MM/DD'));
Insert into "고객주소" ("고객번호","주소구분코드","고객주소","생성일시") values ('0063','회사','0063님의 회사 주소~',to_date('20/06/01','RR/MM/DD'));
Insert into "고객주소" ("고객번호","주소구분코드","고객주소","생성일시") values ('0064','집','0064님의 집 주소~',to_date('20/06/02','RR/MM/DD'));
Insert into "고객주소" ("고객번호","주소구분코드","고객주소","생성일시") values ('0064','회사','0064님의 회사 주소~',to_date('20/06/03','RR/MM/DD'));
Insert into "고객주소" ("고객번호","주소구분코드","고객주소","생성일시") values ('0065','집','0065님의 집 주소~',to_date('20/06/04','RR/MM/DD'));
Insert into "고객주소" ("고객번호","주소구분코드","고객주소","생성일시") values ('0065','회사','0065님의 회사 주소~',to_date('20/06/05','RR/MM/DD'));
Insert into "고객주소" ("고객번호","주소구분코드","고객주소","생성일시") values ('0066','집','0066님의 집 주소~',to_date('20/06/06','RR/MM/DD'));
Insert into "고객주소" ("고객번호","주소구분코드","고객주소","생성일시") values ('0066','회사','0066님의 회사 주소~',to_date('20/06/07','RR/MM/DD'));
Insert into "고객주소" ("고객번호","주소구분코드","고객주소","생성일시") values ('0067','집','0067님의 집 주소~',to_date('20/06/08','RR/MM/DD'));
Insert into "고객주소" ("고객번호","주소구분코드","고객주소","생성일시") values ('0067','회사','0067님의 회사 주소~',to_date('20/06/09','RR/MM/DD'));
Insert into "고객주소" ("고객번호","주소구분코드","고객주소","생성일시") values ('0068','집','0068님의 집 주소~',to_date('20/06/10','RR/MM/DD'));
Insert into "고객주소" ("고객번호","주소구분코드","고객주소","생성일시") values ('0068','회사','0068님의 회사 주소~',to_date('20/06/11','RR/MM/DD'));
Insert into "고객주소" ("고객번호","주소구분코드","고객주소","생성일시") values ('0069','집','0069님의 집 주소~',to_date('20/06/12','RR/MM/DD'));
Insert into "고객주소" ("고객번호","주소구분코드","고객주소","생성일시") values ('0069','회사','0069님의 회사 주소~',to_date('20/06/13','RR/MM/DD'));
Insert into "고객주소" ("고객번호","주소구분코드","고객주소","생성일시") values ('0070','집','0070님의 집 주소~',to_date('20/06/14','RR/MM/DD'));
Insert into "고객주소" ("고객번호","주소구분코드","고객주소","생성일시") values ('0070','회사','0070님의 회사 주소~',to_date('20/06/15','RR/MM/DD'));
Insert into "고객주소" ("고객번호","주소구분코드","고객주소","생성일시") values ('0071','집','0071님의 집 주소~',to_date('20/06/16','RR/MM/DD'));
Insert into "고객주소" ("고객번호","주소구분코드","고객주소","생성일시") values ('0071','회사','0071님의 회사 주소~',to_date('20/06/17','RR/MM/DD'));
Insert into "고객주소" ("고객번호","주소구분코드","고객주소","생성일시") values ('0072','집','0072님의 집 주소~',to_date('20/06/18','RR/MM/DD'));
Insert into "고객주소" ("고객번호","주소구분코드","고객주소","생성일시") values ('0072','회사','0072님의 회사 주소~',to_date('20/06/19','RR/MM/DD'));
Insert into "고객주소" ("고객번호","주소구분코드","고객주소","생성일시") values ('0073','집','0073님의 집 주소~',to_date('20/06/20','RR/MM/DD'));
Insert into "고객주소" ("고객번호","주소구분코드","고객주소","생성일시") values ('0073','회사','0073님의 회사 주소~',to_date('20/06/21','RR/MM/DD'));
Insert into "고객주소" ("고객번호","주소구분코드","고객주소","생성일시") values ('0074','집','0074님의 집 주소~',to_date('20/06/22','RR/MM/DD'));
Insert into "고객주소" ("고객번호","주소구분코드","고객주소","생성일시") values ('0074','회사','0074님의 회사 주소~',to_date('20/06/23','RR/MM/DD'));
Insert into "고객주소" ("고객번호","주소구분코드","고객주소","생성일시") values ('0075','집','0075님의 집 주소~',to_date('20/06/24','RR/MM/DD'));
Insert into "고객주소" ("고객번호","주소구분코드","고객주소","생성일시") values ('0075','회사','0075님의 회사 주소~',to_date('20/06/25','RR/MM/DD'));
Insert into "고객주소" ("고객번호","주소구분코드","고객주소","생성일시") values ('0076','집','0076님의 집 주소~',to_date('20/06/26','RR/MM/DD'));
Insert into "고객주소" ("고객번호","주소구분코드","고객주소","생성일시") values ('0076','회사','0076님의 회사 주소~',to_date('20/06/27','RR/MM/DD'));
Insert into "고객주소" ("고객번호","주소구분코드","고객주소","생성일시") values ('0077','집','0077님의 집 주소~',to_date('20/06/28','RR/MM/DD'));
Insert into "고객주소" ("고객번호","주소구분코드","고객주소","생성일시") values ('0077','회사','0077님의 회사 주소~',to_date('20/06/29','RR/MM/DD'));
Insert into "고객주소" ("고객번호","주소구분코드","고객주소","생성일시") values ('0078','집','0078님의 집 주소~',to_date('20/06/30','RR/MM/DD'));
Insert into "고객주소" ("고객번호","주소구분코드","고객주소","생성일시") values ('0078','회사','0078님의 회사 주소~',to_date('20/07/01','RR/MM/DD'));
Insert into "고객주소" ("고객번호","주소구분코드","고객주소","생성일시") values ('0079','집','0079님의 집 주소~',to_date('20/07/02','RR/MM/DD'));
Insert into "고객주소" ("고객번호","주소구분코드","고객주소","생성일시") values ('0079','회사','0079님의 회사 주소~',to_date('20/07/03','RR/MM/DD'));
Insert into "고객주소" ("고객번호","주소구분코드","고객주소","생성일시") values ('0080','집','0080님의 집 주소~',to_date('20/07/04','RR/MM/DD'));
Insert into "고객주소" ("고객번호","주소구분코드","고객주소","생성일시") values ('0080','회사','0080님의 회사 주소~',to_date('20/07/05','RR/MM/DD'));
Insert into "고객주소" ("고객번호","주소구분코드","고객주소","생성일시") values ('0081','집','0081님의 집 주소~',to_date('20/07/06','RR/MM/DD'));
Insert into "고객주소" ("고객번호","주소구분코드","고객주소","생성일시") values ('0081','회사','0081님의 회사 주소~',to_date('20/07/07','RR/MM/DD'));
Insert into "고객주소" ("고객번호","주소구분코드","고객주소","생성일시") values ('0082','집','0082님의 집 주소~',to_date('20/07/08','RR/MM/DD'));
Insert into "고객주소" ("고객번호","주소구분코드","고객주소","생성일시") values ('0082','회사','0082님의 회사 주소~',to_date('20/07/09','RR/MM/DD'));
Insert into "고객주소" ("고객번호","주소구분코드","고객주소","생성일시") values ('0083','집','0083님의 집 주소~',to_date('20/07/10','RR/MM/DD'));
Insert into "고객주소" ("고객번호","주소구분코드","고객주소","생성일시") values ('0083','회사','0083님의 회사 주소~',to_date('20/07/11','RR/MM/DD'));
Insert into "고객주소" ("고객번호","주소구분코드","고객주소","생성일시") values ('0084','집','0084님의 집 주소~',to_date('20/07/12','RR/MM/DD'));
Insert into "고객주소" ("고객번호","주소구분코드","고객주소","생성일시") values ('0084','회사','0084님의 회사 주소~',to_date('20/07/13','RR/MM/DD'));
Insert into "고객주소" ("고객번호","주소구분코드","고객주소","생성일시") values ('0085','집','0085님의 집 주소~',to_date('20/07/14','RR/MM/DD'));
Insert into "고객주소" ("고객번호","주소구분코드","고객주소","생성일시") values ('0085','회사','0085님의 회사 주소~',to_date('20/07/15','RR/MM/DD'));
Insert into "고객주소" ("고객번호","주소구분코드","고객주소","생성일시") values ('0086','집','0086님의 집 주소~',to_date('20/07/16','RR/MM/DD'));
Insert into "고객주소" ("고객번호","주소구분코드","고객주소","생성일시") values ('0086','회사','0086님의 회사 주소~',to_date('20/07/17','RR/MM/DD'));
Insert into "고객주소" ("고객번호","주소구분코드","고객주소","생성일시") values ('0087','집','0087님의 집 주소~',to_date('20/07/18','RR/MM/DD'));
Insert into "고객주소" ("고객번호","주소구분코드","고객주소","생성일시") values ('0087','회사','0087님의 회사 주소~',to_date('20/07/19','RR/MM/DD'));
Insert into "고객주소" ("고객번호","주소구분코드","고객주소","생성일시") values ('0088','집','0088님의 집 주소~',to_date('20/07/20','RR/MM/DD'));
Insert into "고객주소" ("고객번호","주소구분코드","고객주소","생성일시") values ('0088','회사','0088님의 회사 주소~',to_date('20/07/21','RR/MM/DD'));
Insert into "고객주소" ("고객번호","주소구분코드","고객주소","생성일시") values ('0089','집','0089님의 집 주소~',to_date('20/07/22','RR/MM/DD'));
Insert into "고객주소" ("고객번호","주소구분코드","고객주소","생성일시") values ('0089','회사','0089님의 회사 주소~',to_date('20/07/23','RR/MM/DD'));
Insert into "고객주소" ("고객번호","주소구분코드","고객주소","생성일시") values ('0090','집','0090님의 집 주소~',to_date('20/07/24','RR/MM/DD'));
Insert into "고객주소" ("고객번호","주소구분코드","고객주소","생성일시") values ('0090','회사','0090님의 회사 주소~',to_date('20/07/25','RR/MM/DD'));
Insert into "고객주소" ("고객번호","주소구분코드","고객주소","생성일시") values ('0091','집','0091님의 집 주소~',to_date('20/07/26','RR/MM/DD'));
Insert into "고객주소" ("고객번호","주소구분코드","고객주소","생성일시") values ('0091','회사','0091님의 회사 주소~',to_date('20/07/27','RR/MM/DD'));
Insert into "고객주소" ("고객번호","주소구분코드","고객주소","생성일시") values ('0092','집','0092님의 집 주소~',to_date('20/07/28','RR/MM/DD'));
Insert into "고객주소" ("고객번호","주소구분코드","고객주소","생성일시") values ('0092','회사','0092님의 회사 주소~',to_date('20/07/29','RR/MM/DD'));
Insert into "고객주소" ("고객번호","주소구분코드","고객주소","생성일시") values ('0093','집','0093님의 집 주소~',to_date('20/07/30','RR/MM/DD'));
Insert into "고객주소" ("고객번호","주소구분코드","고객주소","생성일시") values ('0093','회사','0093님의 회사 주소~',to_date('20/07/31','RR/MM/DD'));
Insert into "고객주소" ("고객번호","주소구분코드","고객주소","생성일시") values ('0094','집','0094님의 집 주소~',to_date('20/08/01','RR/MM/DD'));
Insert into "고객주소" ("고객번호","주소구분코드","고객주소","생성일시") values ('0094','회사','0094님의 회사 주소~',to_date('20/08/02','RR/MM/DD'));
Insert into "고객주소" ("고객번호","주소구분코드","고객주소","생성일시") values ('0095','집','0095님의 집 주소~',to_date('20/08/03','RR/MM/DD'));
Insert into "고객주소" ("고객번호","주소구분코드","고객주소","생성일시") values ('0095','회사','0095님의 회사 주소~',to_date('20/08/04','RR/MM/DD'));
Insert into "고객주소" ("고객번호","주소구분코드","고객주소","생성일시") values ('0096','집','0096님의 집 주소~',to_date('20/08/05','RR/MM/DD'));
Insert into "고객주소" ("고객번호","주소구분코드","고객주소","생성일시") values ('0096','회사','0096님의 회사 주소~',to_date('20/08/06','RR/MM/DD'));
Insert into "고객주소" ("고객번호","주소구분코드","고객주소","생성일시") values ('0097','집','0097님의 집 주소~',to_date('20/08/07','RR/MM/DD'));
Insert into "고객주소" ("고객번호","주소구분코드","고객주소","생성일시") values ('0097','회사','0097님의 회사 주소~',to_date('20/08/08','RR/MM/DD'));
Insert into "고객주소" ("고객번호","주소구분코드","고객주소","생성일시") values ('0098','집','0098님의 집 주소~',to_date('20/08/09','RR/MM/DD'));
Insert into "고객주소" ("고객번호","주소구분코드","고객주소","생성일시") values ('0098','회사','0098님의 회사 주소~',to_date('20/08/10','RR/MM/DD'));
Insert into "고객주소" ("고객번호","주소구분코드","고객주소","생성일시") values ('0099','집','0099님의 집 주소~',to_date('20/08/11','RR/MM/DD'));
Insert into "고객주소" ("고객번호","주소구분코드","고객주소","생성일시") values ('0099','회사','0099님의 회사 주소~',to_date('20/08/12','RR/MM/DD'));
Insert into "고객주소" ("고객번호","주소구분코드","고객주소","생성일시") values ('0100','집','0100님의 집 주소~',to_date('20/08/13','RR/MM/DD'));
Insert into "고객주소" ("고객번호","주소구분코드","고객주소","생성일시") values ('0100','회사','0100님의 회사 주소~',to_date('20/08/14','RR/MM/DD'));
REM INSERTING into "고객주소이력"
SET DEFINE OFF;
Insert into "고객주소이력" ("고객번호","주소구분코드","주소순번","고객주소","생성일시") values ('0001','집',1,'0001님의 집 주소~',to_date('20/01/28','RR/MM/DD'));
Insert into "고객주소이력" ("고객번호","주소구분코드","주소순번","고객주소","생성일시") values ('0001','회사',1,'0001님의 회사 주소~',to_date('20/01/29','RR/MM/DD'));
Insert into "고객주소이력" ("고객번호","주소구분코드","주소순번","고객주소","생성일시") values ('0002','집',2,'0002님의 집 주소~',to_date('20/01/30','RR/MM/DD'));
Insert into "고객주소이력" ("고객번호","주소구분코드","주소순번","고객주소","생성일시") values ('0002','회사',2,'0002님의 회사 주소~',to_date('20/01/31','RR/MM/DD'));
Insert into "고객주소이력" ("고객번호","주소구분코드","주소순번","고객주소","생성일시") values ('0003','집',3,'0003님의 집 주소~',to_date('20/02/01','RR/MM/DD'));
Insert into "고객주소이력" ("고객번호","주소구분코드","주소순번","고객주소","생성일시") values ('0003','회사',3,'0003님의 회사 주소~',to_date('20/02/02','RR/MM/DD'));
Insert into "고객주소이력" ("고객번호","주소구분코드","주소순번","고객주소","생성일시") values ('0004','집',4,'0004님의 집 주소~',to_date('20/02/03','RR/MM/DD'));
Insert into "고객주소이력" ("고객번호","주소구분코드","주소순번","고객주소","생성일시") values ('0004','회사',4,'0004님의 회사 주소~',to_date('20/02/04','RR/MM/DD'));
Insert into "고객주소이력" ("고객번호","주소구분코드","주소순번","고객주소","생성일시") values ('0005','집',5,'0005님의 집 주소~',to_date('20/02/05','RR/MM/DD'));
Insert into "고객주소이력" ("고객번호","주소구분코드","주소순번","고객주소","생성일시") values ('0005','회사',5,'0005님의 회사 주소~',to_date('20/02/06','RR/MM/DD'));
Insert into "고객주소이력" ("고객번호","주소구분코드","주소순번","고객주소","생성일시") values ('0006','집',6,'0006님의 집 주소~',to_date('20/02/07','RR/MM/DD'));
Insert into "고객주소이력" ("고객번호","주소구분코드","주소순번","고객주소","생성일시") values ('0006','회사',6,'0006님의 회사 주소~',to_date('20/02/08','RR/MM/DD'));
Insert into "고객주소이력" ("고객번호","주소구분코드","주소순번","고객주소","생성일시") values ('0007','집',7,'0007님의 집 주소~',to_date('20/02/09','RR/MM/DD'));
Insert into "고객주소이력" ("고객번호","주소구분코드","주소순번","고객주소","생성일시") values ('0007','회사',7,'0007님의 회사 주소~',to_date('20/02/10','RR/MM/DD'));
Insert into "고객주소이력" ("고객번호","주소구분코드","주소순번","고객주소","생성일시") values ('0008','집',8,'0008님의 집 주소~',to_date('20/02/11','RR/MM/DD'));
Insert into "고객주소이력" ("고객번호","주소구분코드","주소순번","고객주소","생성일시") values ('0008','회사',8,'0008님의 회사 주소~',to_date('20/02/12','RR/MM/DD'));
Insert into "고객주소이력" ("고객번호","주소구분코드","주소순번","고객주소","생성일시") values ('0009','집',9,'0009님의 집 주소~',to_date('20/02/13','RR/MM/DD'));
Insert into "고객주소이력" ("고객번호","주소구분코드","주소순번","고객주소","생성일시") values ('0009','회사',9,'0009님의 회사 주소~',to_date('20/02/14','RR/MM/DD'));
Insert into "고객주소이력" ("고객번호","주소구분코드","주소순번","고객주소","생성일시") values ('0010','집',10,'0010님의 집 주소~',to_date('20/02/15','RR/MM/DD'));
Insert into "고객주소이력" ("고객번호","주소구분코드","주소순번","고객주소","생성일시") values ('0010','회사',10,'0010님의 회사 주소~',to_date('20/02/16','RR/MM/DD'));
Insert into "고객주소이력" ("고객번호","주소구분코드","주소순번","고객주소","생성일시") values ('0011','집',11,'0011님의 집 주소~',to_date('20/02/17','RR/MM/DD'));
Insert into "고객주소이력" ("고객번호","주소구분코드","주소순번","고객주소","생성일시") values ('0011','회사',11,'0011님의 회사 주소~',to_date('20/02/18','RR/MM/DD'));
Insert into "고객주소이력" ("고객번호","주소구분코드","주소순번","고객주소","생성일시") values ('0012','집',12,'0012님의 집 주소~',to_date('20/02/19','RR/MM/DD'));
Insert into "고객주소이력" ("고객번호","주소구분코드","주소순번","고객주소","생성일시") values ('0012','회사',12,'0012님의 회사 주소~',to_date('20/02/20','RR/MM/DD'));
Insert into "고객주소이력" ("고객번호","주소구분코드","주소순번","고객주소","생성일시") values ('0013','집',13,'0013님의 집 주소~',to_date('20/02/21','RR/MM/DD'));
Insert into "고객주소이력" ("고객번호","주소구분코드","주소순번","고객주소","생성일시") values ('0013','회사',13,'0013님의 회사 주소~',to_date('20/02/22','RR/MM/DD'));
Insert into "고객주소이력" ("고객번호","주소구분코드","주소순번","고객주소","생성일시") values ('0014','집',14,'0014님의 집 주소~',to_date('20/02/23','RR/MM/DD'));
Insert into "고객주소이력" ("고객번호","주소구분코드","주소순번","고객주소","생성일시") values ('0014','회사',14,'0014님의 회사 주소~',to_date('20/02/24','RR/MM/DD'));
Insert into "고객주소이력" ("고객번호","주소구분코드","주소순번","고객주소","생성일시") values ('0015','집',15,'0015님의 집 주소~',to_date('20/02/25','RR/MM/DD'));
Insert into "고객주소이력" ("고객번호","주소구분코드","주소순번","고객주소","생성일시") values ('0015','회사',15,'0015님의 회사 주소~',to_date('20/02/26','RR/MM/DD'));
Insert into "고객주소이력" ("고객번호","주소구분코드","주소순번","고객주소","생성일시") values ('0016','집',16,'0016님의 집 주소~',to_date('20/02/27','RR/MM/DD'));
Insert into "고객주소이력" ("고객번호","주소구분코드","주소순번","고객주소","생성일시") values ('0016','회사',16,'0016님의 회사 주소~',to_date('20/02/28','RR/MM/DD'));
Insert into "고객주소이력" ("고객번호","주소구분코드","주소순번","고객주소","생성일시") values ('0017','집',17,'0017님의 집 주소~',to_date('20/02/29','RR/MM/DD'));
Insert into "고객주소이력" ("고객번호","주소구분코드","주소순번","고객주소","생성일시") values ('0017','회사',17,'0017님의 회사 주소~',to_date('20/03/01','RR/MM/DD'));
Insert into "고객주소이력" ("고객번호","주소구분코드","주소순번","고객주소","생성일시") values ('0018','집',18,'0018님의 집 주소~',to_date('20/03/02','RR/MM/DD'));
Insert into "고객주소이력" ("고객번호","주소구분코드","주소순번","고객주소","생성일시") values ('0018','회사',18,'0018님의 회사 주소~',to_date('20/03/03','RR/MM/DD'));
Insert into "고객주소이력" ("고객번호","주소구분코드","주소순번","고객주소","생성일시") values ('0019','집',19,'0019님의 집 주소~',to_date('20/03/04','RR/MM/DD'));
Insert into "고객주소이력" ("고객번호","주소구분코드","주소순번","고객주소","생성일시") values ('0019','회사',19,'0019님의 회사 주소~',to_date('20/03/05','RR/MM/DD'));
Insert into "고객주소이력" ("고객번호","주소구분코드","주소순번","고객주소","생성일시") values ('0020','집',20,'0020님의 집 주소~',to_date('20/03/06','RR/MM/DD'));
Insert into "고객주소이력" ("고객번호","주소구분코드","주소순번","고객주소","생성일시") values ('0020','회사',20,'0020님의 회사 주소~',to_date('20/03/07','RR/MM/DD'));
Insert into "고객주소이력" ("고객번호","주소구분코드","주소순번","고객주소","생성일시") values ('0021','집',21,'0021님의 집 주소~',to_date('20/03/08','RR/MM/DD'));
Insert into "고객주소이력" ("고객번호","주소구분코드","주소순번","고객주소","생성일시") values ('0021','회사',21,'0021님의 회사 주소~',to_date('20/03/09','RR/MM/DD'));
Insert into "고객주소이력" ("고객번호","주소구분코드","주소순번","고객주소","생성일시") values ('0022','집',22,'0022님의 집 주소~',to_date('20/03/10','RR/MM/DD'));
Insert into "고객주소이력" ("고객번호","주소구분코드","주소순번","고객주소","생성일시") values ('0022','회사',22,'0022님의 회사 주소~',to_date('20/03/11','RR/MM/DD'));
Insert into "고객주소이력" ("고객번호","주소구분코드","주소순번","고객주소","생성일시") values ('0023','집',23,'0023님의 집 주소~',to_date('20/03/12','RR/MM/DD'));
Insert into "고객주소이력" ("고객번호","주소구분코드","주소순번","고객주소","생성일시") values ('0023','회사',23,'0023님의 회사 주소~',to_date('20/03/13','RR/MM/DD'));
Insert into "고객주소이력" ("고객번호","주소구분코드","주소순번","고객주소","생성일시") values ('0024','집',24,'0024님의 집 주소~',to_date('20/03/14','RR/MM/DD'));
Insert into "고객주소이력" ("고객번호","주소구분코드","주소순번","고객주소","생성일시") values ('0024','회사',24,'0024님의 회사 주소~',to_date('20/03/15','RR/MM/DD'));
Insert into "고객주소이력" ("고객번호","주소구분코드","주소순번","고객주소","생성일시") values ('0025','집',25,'0025님의 집 주소~',to_date('20/03/16','RR/MM/DD'));
Insert into "고객주소이력" ("고객번호","주소구분코드","주소순번","고객주소","생성일시") values ('0025','회사',25,'0025님의 회사 주소~',to_date('20/03/17','RR/MM/DD'));
Insert into "고객주소이력" ("고객번호","주소구분코드","주소순번","고객주소","생성일시") values ('0026','집',26,'0026님의 집 주소~',to_date('20/03/18','RR/MM/DD'));
Insert into "고객주소이력" ("고객번호","주소구분코드","주소순번","고객주소","생성일시") values ('0026','회사',26,'0026님의 회사 주소~',to_date('20/03/19','RR/MM/DD'));
Insert into "고객주소이력" ("고객번호","주소구분코드","주소순번","고객주소","생성일시") values ('0027','집',27,'0027님의 집 주소~',to_date('20/03/20','RR/MM/DD'));
Insert into "고객주소이력" ("고객번호","주소구분코드","주소순번","고객주소","생성일시") values ('0027','회사',27,'0027님의 회사 주소~',to_date('20/03/21','RR/MM/DD'));
Insert into "고객주소이력" ("고객번호","주소구분코드","주소순번","고객주소","생성일시") values ('0028','집',28,'0028님의 집 주소~',to_date('20/03/22','RR/MM/DD'));
Insert into "고객주소이력" ("고객번호","주소구분코드","주소순번","고객주소","생성일시") values ('0028','회사',28,'0028님의 회사 주소~',to_date('20/03/23','RR/MM/DD'));
Insert into "고객주소이력" ("고객번호","주소구분코드","주소순번","고객주소","생성일시") values ('0029','집',29,'0029님의 집 주소~',to_date('20/03/24','RR/MM/DD'));
Insert into "고객주소이력" ("고객번호","주소구분코드","주소순번","고객주소","생성일시") values ('0029','회사',29,'0029님의 회사 주소~',to_date('20/03/25','RR/MM/DD'));
Insert into "고객주소이력" ("고객번호","주소구분코드","주소순번","고객주소","생성일시") values ('0030','집',30,'0030님의 집 주소~',to_date('20/03/26','RR/MM/DD'));
Insert into "고객주소이력" ("고객번호","주소구분코드","주소순번","고객주소","생성일시") values ('0030','회사',30,'0030님의 회사 주소~',to_date('20/03/27','RR/MM/DD'));
Insert into "고객주소이력" ("고객번호","주소구분코드","주소순번","고객주소","생성일시") values ('0031','집',31,'0031님의 집 주소~',to_date('20/03/28','RR/MM/DD'));
Insert into "고객주소이력" ("고객번호","주소구분코드","주소순번","고객주소","생성일시") values ('0031','회사',31,'0031님의 회사 주소~',to_date('20/03/29','RR/MM/DD'));
Insert into "고객주소이력" ("고객번호","주소구분코드","주소순번","고객주소","생성일시") values ('0032','집',32,'0032님의 집 주소~',to_date('20/03/30','RR/MM/DD'));
Insert into "고객주소이력" ("고객번호","주소구분코드","주소순번","고객주소","생성일시") values ('0032','회사',32,'0032님의 회사 주소~',to_date('20/03/31','RR/MM/DD'));
Insert into "고객주소이력" ("고객번호","주소구분코드","주소순번","고객주소","생성일시") values ('0033','집',33,'0033님의 집 주소~',to_date('20/04/01','RR/MM/DD'));
Insert into "고객주소이력" ("고객번호","주소구분코드","주소순번","고객주소","생성일시") values ('0033','회사',33,'0033님의 회사 주소~',to_date('20/04/02','RR/MM/DD'));
Insert into "고객주소이력" ("고객번호","주소구분코드","주소순번","고객주소","생성일시") values ('0034','집',34,'0034님의 집 주소~',to_date('20/04/03','RR/MM/DD'));
Insert into "고객주소이력" ("고객번호","주소구분코드","주소순번","고객주소","생성일시") values ('0034','회사',34,'0034님의 회사 주소~',to_date('20/04/04','RR/MM/DD'));
Insert into "고객주소이력" ("고객번호","주소구분코드","주소순번","고객주소","생성일시") values ('0035','집',35,'0035님의 집 주소~',to_date('20/04/05','RR/MM/DD'));
Insert into "고객주소이력" ("고객번호","주소구분코드","주소순번","고객주소","생성일시") values ('0035','회사',35,'0035님의 회사 주소~',to_date('20/04/06','RR/MM/DD'));
Insert into "고객주소이력" ("고객번호","주소구분코드","주소순번","고객주소","생성일시") values ('0036','집',36,'0036님의 집 주소~',to_date('20/04/07','RR/MM/DD'));
Insert into "고객주소이력" ("고객번호","주소구분코드","주소순번","고객주소","생성일시") values ('0036','회사',36,'0036님의 회사 주소~',to_date('20/04/08','RR/MM/DD'));
Insert into "고객주소이력" ("고객번호","주소구분코드","주소순번","고객주소","생성일시") values ('0037','집',37,'0037님의 집 주소~',to_date('20/04/09','RR/MM/DD'));
Insert into "고객주소이력" ("고객번호","주소구분코드","주소순번","고객주소","생성일시") values ('0037','회사',37,'0037님의 회사 주소~',to_date('20/04/10','RR/MM/DD'));
Insert into "고객주소이력" ("고객번호","주소구분코드","주소순번","고객주소","생성일시") values ('0038','집',38,'0038님의 집 주소~',to_date('20/04/11','RR/MM/DD'));
Insert into "고객주소이력" ("고객번호","주소구분코드","주소순번","고객주소","생성일시") values ('0038','회사',38,'0038님의 회사 주소~',to_date('20/04/12','RR/MM/DD'));
Insert into "고객주소이력" ("고객번호","주소구분코드","주소순번","고객주소","생성일시") values ('0039','집',39,'0039님의 집 주소~',to_date('20/04/13','RR/MM/DD'));
Insert into "고객주소이력" ("고객번호","주소구분코드","주소순번","고객주소","생성일시") values ('0039','회사',39,'0039님의 회사 주소~',to_date('20/04/14','RR/MM/DD'));
Insert into "고객주소이력" ("고객번호","주소구분코드","주소순번","고객주소","생성일시") values ('0040','집',40,'0040님의 집 주소~',to_date('20/04/15','RR/MM/DD'));
Insert into "고객주소이력" ("고객번호","주소구분코드","주소순번","고객주소","생성일시") values ('0040','회사',40,'0040님의 회사 주소~',to_date('20/04/16','RR/MM/DD'));
Insert into "고객주소이력" ("고객번호","주소구분코드","주소순번","고객주소","생성일시") values ('0041','집',41,'0041님의 집 주소~',to_date('20/04/17','RR/MM/DD'));
Insert into "고객주소이력" ("고객번호","주소구분코드","주소순번","고객주소","생성일시") values ('0041','회사',41,'0041님의 회사 주소~',to_date('20/04/18','RR/MM/DD'));
Insert into "고객주소이력" ("고객번호","주소구분코드","주소순번","고객주소","생성일시") values ('0042','집',42,'0042님의 집 주소~',to_date('20/04/19','RR/MM/DD'));
Insert into "고객주소이력" ("고객번호","주소구분코드","주소순번","고객주소","생성일시") values ('0042','회사',42,'0042님의 회사 주소~',to_date('20/04/20','RR/MM/DD'));
Insert into "고객주소이력" ("고객번호","주소구분코드","주소순번","고객주소","생성일시") values ('0043','집',43,'0043님의 집 주소~',to_date('20/04/21','RR/MM/DD'));
Insert into "고객주소이력" ("고객번호","주소구분코드","주소순번","고객주소","생성일시") values ('0043','회사',43,'0043님의 회사 주소~',to_date('20/04/22','RR/MM/DD'));
Insert into "고객주소이력" ("고객번호","주소구분코드","주소순번","고객주소","생성일시") values ('0044','집',44,'0044님의 집 주소~',to_date('20/04/23','RR/MM/DD'));
Insert into "고객주소이력" ("고객번호","주소구분코드","주소순번","고객주소","생성일시") values ('0044','회사',44,'0044님의 회사 주소~',to_date('20/04/24','RR/MM/DD'));
Insert into "고객주소이력" ("고객번호","주소구분코드","주소순번","고객주소","생성일시") values ('0045','집',45,'0045님의 집 주소~',to_date('20/04/25','RR/MM/DD'));
Insert into "고객주소이력" ("고객번호","주소구분코드","주소순번","고객주소","생성일시") values ('0045','회사',45,'0045님의 회사 주소~',to_date('20/04/26','RR/MM/DD'));
Insert into "고객주소이력" ("고객번호","주소구분코드","주소순번","고객주소","생성일시") values ('0046','집',46,'0046님의 집 주소~',to_date('20/04/27','RR/MM/DD'));
Insert into "고객주소이력" ("고객번호","주소구분코드","주소순번","고객주소","생성일시") values ('0046','회사',46,'0046님의 회사 주소~',to_date('20/04/28','RR/MM/DD'));
Insert into "고객주소이력" ("고객번호","주소구분코드","주소순번","고객주소","생성일시") values ('0047','집',47,'0047님의 집 주소~',to_date('20/04/29','RR/MM/DD'));
Insert into "고객주소이력" ("고객번호","주소구분코드","주소순번","고객주소","생성일시") values ('0047','회사',47,'0047님의 회사 주소~',to_date('20/04/30','RR/MM/DD'));
Insert into "고객주소이력" ("고객번호","주소구분코드","주소순번","고객주소","생성일시") values ('0048','집',48,'0048님의 집 주소~',to_date('20/05/01','RR/MM/DD'));
Insert into "고객주소이력" ("고객번호","주소구분코드","주소순번","고객주소","생성일시") values ('0048','회사',48,'0048님의 회사 주소~',to_date('20/05/02','RR/MM/DD'));
Insert into "고객주소이력" ("고객번호","주소구분코드","주소순번","고객주소","생성일시") values ('0049','집',49,'0049님의 집 주소~',to_date('20/05/03','RR/MM/DD'));
Insert into "고객주소이력" ("고객번호","주소구분코드","주소순번","고객주소","생성일시") values ('0049','회사',49,'0049님의 회사 주소~',to_date('20/05/04','RR/MM/DD'));
Insert into "고객주소이력" ("고객번호","주소구분코드","주소순번","고객주소","생성일시") values ('0050','집',50,'0050님의 집 주소~',to_date('20/05/05','RR/MM/DD'));
Insert into "고객주소이력" ("고객번호","주소구분코드","주소순번","고객주소","생성일시") values ('0050','회사',50,'0050님의 회사 주소~',to_date('20/05/06','RR/MM/DD'));
Insert into "고객주소이력" ("고객번호","주소구분코드","주소순번","고객주소","생성일시") values ('0051','집',51,'0051님의 집 주소~',to_date('20/05/07','RR/MM/DD'));
Insert into "고객주소이력" ("고객번호","주소구분코드","주소순번","고객주소","생성일시") values ('0051','회사',51,'0051님의 회사 주소~',to_date('20/05/08','RR/MM/DD'));
Insert into "고객주소이력" ("고객번호","주소구분코드","주소순번","고객주소","생성일시") values ('0052','집',52,'0052님의 집 주소~',to_date('20/05/09','RR/MM/DD'));
Insert into "고객주소이력" ("고객번호","주소구분코드","주소순번","고객주소","생성일시") values ('0052','회사',52,'0052님의 회사 주소~',to_date('20/05/10','RR/MM/DD'));
Insert into "고객주소이력" ("고객번호","주소구분코드","주소순번","고객주소","생성일시") values ('0053','집',53,'0053님의 집 주소~',to_date('20/05/11','RR/MM/DD'));
Insert into "고객주소이력" ("고객번호","주소구분코드","주소순번","고객주소","생성일시") values ('0053','회사',53,'0053님의 회사 주소~',to_date('20/05/12','RR/MM/DD'));
Insert into "고객주소이력" ("고객번호","주소구분코드","주소순번","고객주소","생성일시") values ('0054','집',54,'0054님의 집 주소~',to_date('20/05/13','RR/MM/DD'));
Insert into "고객주소이력" ("고객번호","주소구분코드","주소순번","고객주소","생성일시") values ('0054','회사',54,'0054님의 회사 주소~',to_date('20/05/14','RR/MM/DD'));
Insert into "고객주소이력" ("고객번호","주소구분코드","주소순번","고객주소","생성일시") values ('0055','집',55,'0055님의 집 주소~',to_date('20/05/15','RR/MM/DD'));
Insert into "고객주소이력" ("고객번호","주소구분코드","주소순번","고객주소","생성일시") values ('0055','회사',55,'0055님의 회사 주소~',to_date('20/05/16','RR/MM/DD'));
Insert into "고객주소이력" ("고객번호","주소구분코드","주소순번","고객주소","생성일시") values ('0056','집',56,'0056님의 집 주소~',to_date('20/05/17','RR/MM/DD'));
Insert into "고객주소이력" ("고객번호","주소구분코드","주소순번","고객주소","생성일시") values ('0056','회사',56,'0056님의 회사 주소~',to_date('20/05/18','RR/MM/DD'));
Insert into "고객주소이력" ("고객번호","주소구분코드","주소순번","고객주소","생성일시") values ('0057','집',57,'0057님의 집 주소~',to_date('20/05/19','RR/MM/DD'));
Insert into "고객주소이력" ("고객번호","주소구분코드","주소순번","고객주소","생성일시") values ('0057','회사',57,'0057님의 회사 주소~',to_date('20/05/20','RR/MM/DD'));
Insert into "고객주소이력" ("고객번호","주소구분코드","주소순번","고객주소","생성일시") values ('0058','집',58,'0058님의 집 주소~',to_date('20/05/21','RR/MM/DD'));
Insert into "고객주소이력" ("고객번호","주소구분코드","주소순번","고객주소","생성일시") values ('0058','회사',58,'0058님의 회사 주소~',to_date('20/05/22','RR/MM/DD'));
Insert into "고객주소이력" ("고객번호","주소구분코드","주소순번","고객주소","생성일시") values ('0059','집',59,'0059님의 집 주소~',to_date('20/05/23','RR/MM/DD'));
Insert into "고객주소이력" ("고객번호","주소구분코드","주소순번","고객주소","생성일시") values ('0059','회사',59,'0059님의 회사 주소~',to_date('20/05/24','RR/MM/DD'));
Insert into "고객주소이력" ("고객번호","주소구분코드","주소순번","고객주소","생성일시") values ('0060','집',60,'0060님의 집 주소~',to_date('20/05/25','RR/MM/DD'));
Insert into "고객주소이력" ("고객번호","주소구분코드","주소순번","고객주소","생성일시") values ('0060','회사',60,'0060님의 회사 주소~',to_date('20/05/26','RR/MM/DD'));
Insert into "고객주소이력" ("고객번호","주소구분코드","주소순번","고객주소","생성일시") values ('0061','집',61,'0061님의 집 주소~',to_date('20/05/27','RR/MM/DD'));
Insert into "고객주소이력" ("고객번호","주소구분코드","주소순번","고객주소","생성일시") values ('0061','회사',61,'0061님의 회사 주소~',to_date('20/05/28','RR/MM/DD'));
Insert into "고객주소이력" ("고객번호","주소구분코드","주소순번","고객주소","생성일시") values ('0062','집',62,'0062님의 집 주소~',to_date('20/05/29','RR/MM/DD'));
Insert into "고객주소이력" ("고객번호","주소구분코드","주소순번","고객주소","생성일시") values ('0062','회사',62,'0062님의 회사 주소~',to_date('20/05/30','RR/MM/DD'));
Insert into "고객주소이력" ("고객번호","주소구분코드","주소순번","고객주소","생성일시") values ('0063','집',63,'0063님의 집 주소~',to_date('20/05/31','RR/MM/DD'));
Insert into "고객주소이력" ("고객번호","주소구분코드","주소순번","고객주소","생성일시") values ('0063','회사',63,'0063님의 회사 주소~',to_date('20/06/01','RR/MM/DD'));
Insert into "고객주소이력" ("고객번호","주소구분코드","주소순번","고객주소","생성일시") values ('0064','집',64,'0064님의 집 주소~',to_date('20/06/02','RR/MM/DD'));
Insert into "고객주소이력" ("고객번호","주소구분코드","주소순번","고객주소","생성일시") values ('0064','회사',64,'0064님의 회사 주소~',to_date('20/06/03','RR/MM/DD'));
Insert into "고객주소이력" ("고객번호","주소구분코드","주소순번","고객주소","생성일시") values ('0065','집',65,'0065님의 집 주소~',to_date('20/06/04','RR/MM/DD'));
Insert into "고객주소이력" ("고객번호","주소구분코드","주소순번","고객주소","생성일시") values ('0065','회사',65,'0065님의 회사 주소~',to_date('20/06/05','RR/MM/DD'));
Insert into "고객주소이력" ("고객번호","주소구분코드","주소순번","고객주소","생성일시") values ('0066','집',66,'0066님의 집 주소~',to_date('20/06/06','RR/MM/DD'));
Insert into "고객주소이력" ("고객번호","주소구분코드","주소순번","고객주소","생성일시") values ('0066','회사',66,'0066님의 회사 주소~',to_date('20/06/07','RR/MM/DD'));
Insert into "고객주소이력" ("고객번호","주소구분코드","주소순번","고객주소","생성일시") values ('0067','집',67,'0067님의 집 주소~',to_date('20/06/08','RR/MM/DD'));
Insert into "고객주소이력" ("고객번호","주소구분코드","주소순번","고객주소","생성일시") values ('0067','회사',67,'0067님의 회사 주소~',to_date('20/06/09','RR/MM/DD'));
Insert into "고객주소이력" ("고객번호","주소구분코드","주소순번","고객주소","생성일시") values ('0068','집',68,'0068님의 집 주소~',to_date('20/06/10','RR/MM/DD'));
Insert into "고객주소이력" ("고객번호","주소구분코드","주소순번","고객주소","생성일시") values ('0068','회사',68,'0068님의 회사 주소~',to_date('20/06/11','RR/MM/DD'));
Insert into "고객주소이력" ("고객번호","주소구분코드","주소순번","고객주소","생성일시") values ('0069','집',69,'0069님의 집 주소~',to_date('20/06/12','RR/MM/DD'));
Insert into "고객주소이력" ("고객번호","주소구분코드","주소순번","고객주소","생성일시") values ('0069','회사',69,'0069님의 회사 주소~',to_date('20/06/13','RR/MM/DD'));
Insert into "고객주소이력" ("고객번호","주소구분코드","주소순번","고객주소","생성일시") values ('0070','집',70,'0070님의 집 주소~',to_date('20/06/14','RR/MM/DD'));
Insert into "고객주소이력" ("고객번호","주소구분코드","주소순번","고객주소","생성일시") values ('0070','회사',70,'0070님의 회사 주소~',to_date('20/06/15','RR/MM/DD'));
Insert into "고객주소이력" ("고객번호","주소구분코드","주소순번","고객주소","생성일시") values ('0071','집',71,'0071님의 집 주소~',to_date('20/06/16','RR/MM/DD'));
Insert into "고객주소이력" ("고객번호","주소구분코드","주소순번","고객주소","생성일시") values ('0071','회사',71,'0071님의 회사 주소~',to_date('20/06/17','RR/MM/DD'));
Insert into "고객주소이력" ("고객번호","주소구분코드","주소순번","고객주소","생성일시") values ('0072','집',72,'0072님의 집 주소~',to_date('20/06/18','RR/MM/DD'));
Insert into "고객주소이력" ("고객번호","주소구분코드","주소순번","고객주소","생성일시") values ('0072','회사',72,'0072님의 회사 주소~',to_date('20/06/19','RR/MM/DD'));
Insert into "고객주소이력" ("고객번호","주소구분코드","주소순번","고객주소","생성일시") values ('0073','집',73,'0073님의 집 주소~',to_date('20/06/20','RR/MM/DD'));
Insert into "고객주소이력" ("고객번호","주소구분코드","주소순번","고객주소","생성일시") values ('0073','회사',73,'0073님의 회사 주소~',to_date('20/06/21','RR/MM/DD'));
Insert into "고객주소이력" ("고객번호","주소구분코드","주소순번","고객주소","생성일시") values ('0074','집',74,'0074님의 집 주소~',to_date('20/06/22','RR/MM/DD'));
Insert into "고객주소이력" ("고객번호","주소구분코드","주소순번","고객주소","생성일시") values ('0074','회사',74,'0074님의 회사 주소~',to_date('20/06/23','RR/MM/DD'));
Insert into "고객주소이력" ("고객번호","주소구분코드","주소순번","고객주소","생성일시") values ('0075','집',75,'0075님의 집 주소~',to_date('20/06/24','RR/MM/DD'));
Insert into "고객주소이력" ("고객번호","주소구분코드","주소순번","고객주소","생성일시") values ('0075','회사',75,'0075님의 회사 주소~',to_date('20/06/25','RR/MM/DD'));
Insert into "고객주소이력" ("고객번호","주소구분코드","주소순번","고객주소","생성일시") values ('0076','집',76,'0076님의 집 주소~',to_date('20/06/26','RR/MM/DD'));
Insert into "고객주소이력" ("고객번호","주소구분코드","주소순번","고객주소","생성일시") values ('0076','회사',76,'0076님의 회사 주소~',to_date('20/06/27','RR/MM/DD'));
Insert into "고객주소이력" ("고객번호","주소구분코드","주소순번","고객주소","생성일시") values ('0077','집',77,'0077님의 집 주소~',to_date('20/06/28','RR/MM/DD'));
Insert into "고객주소이력" ("고객번호","주소구분코드","주소순번","고객주소","생성일시") values ('0077','회사',77,'0077님의 회사 주소~',to_date('20/06/29','RR/MM/DD'));
Insert into "고객주소이력" ("고객번호","주소구분코드","주소순번","고객주소","생성일시") values ('0078','집',78,'0078님의 집 주소~',to_date('20/06/30','RR/MM/DD'));
Insert into "고객주소이력" ("고객번호","주소구분코드","주소순번","고객주소","생성일시") values ('0078','회사',78,'0078님의 회사 주소~',to_date('20/07/01','RR/MM/DD'));
Insert into "고객주소이력" ("고객번호","주소구분코드","주소순번","고객주소","생성일시") values ('0079','집',79,'0079님의 집 주소~',to_date('20/07/02','RR/MM/DD'));
Insert into "고객주소이력" ("고객번호","주소구분코드","주소순번","고객주소","생성일시") values ('0079','회사',79,'0079님의 회사 주소~',to_date('20/07/03','RR/MM/DD'));
Insert into "고객주소이력" ("고객번호","주소구분코드","주소순번","고객주소","생성일시") values ('0080','집',80,'0080님의 집 주소~',to_date('20/07/04','RR/MM/DD'));
Insert into "고객주소이력" ("고객번호","주소구분코드","주소순번","고객주소","생성일시") values ('0080','회사',80,'0080님의 회사 주소~',to_date('20/07/05','RR/MM/DD'));
Insert into "고객주소이력" ("고객번호","주소구분코드","주소순번","고객주소","생성일시") values ('0081','집',81,'0081님의 집 주소~',to_date('20/07/06','RR/MM/DD'));
Insert into "고객주소이력" ("고객번호","주소구분코드","주소순번","고객주소","생성일시") values ('0081','회사',81,'0081님의 회사 주소~',to_date('20/07/07','RR/MM/DD'));
Insert into "고객주소이력" ("고객번호","주소구분코드","주소순번","고객주소","생성일시") values ('0082','집',82,'0082님의 집 주소~',to_date('20/07/08','RR/MM/DD'));
Insert into "고객주소이력" ("고객번호","주소구분코드","주소순번","고객주소","생성일시") values ('0082','회사',82,'0082님의 회사 주소~',to_date('20/07/09','RR/MM/DD'));
Insert into "고객주소이력" ("고객번호","주소구분코드","주소순번","고객주소","생성일시") values ('0083','집',83,'0083님의 집 주소~',to_date('20/07/10','RR/MM/DD'));
Insert into "고객주소이력" ("고객번호","주소구분코드","주소순번","고객주소","생성일시") values ('0083','회사',83,'0083님의 회사 주소~',to_date('20/07/11','RR/MM/DD'));
Insert into "고객주소이력" ("고객번호","주소구분코드","주소순번","고객주소","생성일시") values ('0084','집',84,'0084님의 집 주소~',to_date('20/07/12','RR/MM/DD'));
Insert into "고객주소이력" ("고객번호","주소구분코드","주소순번","고객주소","생성일시") values ('0084','회사',84,'0084님의 회사 주소~',to_date('20/07/13','RR/MM/DD'));
Insert into "고객주소이력" ("고객번호","주소구분코드","주소순번","고객주소","생성일시") values ('0085','집',85,'0085님의 집 주소~',to_date('20/07/14','RR/MM/DD'));
Insert into "고객주소이력" ("고객번호","주소구분코드","주소순번","고객주소","생성일시") values ('0085','회사',85,'0085님의 회사 주소~',to_date('20/07/15','RR/MM/DD'));
Insert into "고객주소이력" ("고객번호","주소구분코드","주소순번","고객주소","생성일시") values ('0086','집',86,'0086님의 집 주소~',to_date('20/07/16','RR/MM/DD'));
Insert into "고객주소이력" ("고객번호","주소구분코드","주소순번","고객주소","생성일시") values ('0086','회사',86,'0086님의 회사 주소~',to_date('20/07/17','RR/MM/DD'));
Insert into "고객주소이력" ("고객번호","주소구분코드","주소순번","고객주소","생성일시") values ('0087','집',87,'0087님의 집 주소~',to_date('20/07/18','RR/MM/DD'));
Insert into "고객주소이력" ("고객번호","주소구분코드","주소순번","고객주소","생성일시") values ('0087','회사',87,'0087님의 회사 주소~',to_date('20/07/19','RR/MM/DD'));
Insert into "고객주소이력" ("고객번호","주소구분코드","주소순번","고객주소","생성일시") values ('0088','집',88,'0088님의 집 주소~',to_date('20/07/20','RR/MM/DD'));
Insert into "고객주소이력" ("고객번호","주소구분코드","주소순번","고객주소","생성일시") values ('0088','회사',88,'0088님의 회사 주소~',to_date('20/07/21','RR/MM/DD'));
Insert into "고객주소이력" ("고객번호","주소구분코드","주소순번","고객주소","생성일시") values ('0089','집',89,'0089님의 집 주소~',to_date('20/07/22','RR/MM/DD'));
Insert into "고객주소이력" ("고객번호","주소구분코드","주소순번","고객주소","생성일시") values ('0089','회사',89,'0089님의 회사 주소~',to_date('20/07/23','RR/MM/DD'));
Insert into "고객주소이력" ("고객번호","주소구분코드","주소순번","고객주소","생성일시") values ('0090','집',90,'0090님의 집 주소~',to_date('20/07/24','RR/MM/DD'));
Insert into "고객주소이력" ("고객번호","주소구분코드","주소순번","고객주소","생성일시") values ('0090','회사',90,'0090님의 회사 주소~',to_date('20/07/25','RR/MM/DD'));
Insert into "고객주소이력" ("고객번호","주소구분코드","주소순번","고객주소","생성일시") values ('0091','집',91,'0091님의 집 주소~',to_date('20/07/26','RR/MM/DD'));
Insert into "고객주소이력" ("고객번호","주소구분코드","주소순번","고객주소","생성일시") values ('0091','회사',91,'0091님의 회사 주소~',to_date('20/07/27','RR/MM/DD'));
Insert into "고객주소이력" ("고객번호","주소구분코드","주소순번","고객주소","생성일시") values ('0092','집',92,'0092님의 집 주소~',to_date('20/07/28','RR/MM/DD'));
Insert into "고객주소이력" ("고객번호","주소구분코드","주소순번","고객주소","생성일시") values ('0092','회사',92,'0092님의 회사 주소~',to_date('20/07/29','RR/MM/DD'));
Insert into "고객주소이력" ("고객번호","주소구분코드","주소순번","고객주소","생성일시") values ('0093','집',93,'0093님의 집 주소~',to_date('20/07/30','RR/MM/DD'));
Insert into "고객주소이력" ("고객번호","주소구분코드","주소순번","고객주소","생성일시") values ('0093','회사',93,'0093님의 회사 주소~',to_date('20/07/31','RR/MM/DD'));
Insert into "고객주소이력" ("고객번호","주소구분코드","주소순번","고객주소","생성일시") values ('0094','집',94,'0094님의 집 주소~',to_date('20/08/01','RR/MM/DD'));
Insert into "고객주소이력" ("고객번호","주소구분코드","주소순번","고객주소","생성일시") values ('0094','회사',94,'0094님의 회사 주소~',to_date('20/08/02','RR/MM/DD'));
Insert into "고객주소이력" ("고객번호","주소구분코드","주소순번","고객주소","생성일시") values ('0095','집',95,'0095님의 집 주소~',to_date('20/08/03','RR/MM/DD'));
Insert into "고객주소이력" ("고객번호","주소구분코드","주소순번","고객주소","생성일시") values ('0095','회사',95,'0095님의 회사 주소~',to_date('20/08/04','RR/MM/DD'));
Insert into "고객주소이력" ("고객번호","주소구분코드","주소순번","고객주소","생성일시") values ('0096','집',96,'0096님의 집 주소~',to_date('20/08/05','RR/MM/DD'));
Insert into "고객주소이력" ("고객번호","주소구분코드","주소순번","고객주소","생성일시") values ('0096','회사',96,'0096님의 회사 주소~',to_date('20/08/06','RR/MM/DD'));
Insert into "고객주소이력" ("고객번호","주소구분코드","주소순번","고객주소","생성일시") values ('0097','집',97,'0097님의 집 주소~',to_date('20/08/07','RR/MM/DD'));
Insert into "고객주소이력" ("고객번호","주소구분코드","주소순번","고객주소","생성일시") values ('0097','회사',97,'0097님의 회사 주소~',to_date('20/08/08','RR/MM/DD'));
Insert into "고객주소이력" ("고객번호","주소구분코드","주소순번","고객주소","생성일시") values ('0098','집',98,'0098님의 집 주소~',to_date('20/08/09','RR/MM/DD'));
Insert into "고객주소이력" ("고객번호","주소구분코드","주소순번","고객주소","생성일시") values ('0098','회사',98,'0098님의 회사 주소~',to_date('20/08/10','RR/MM/DD'));
Insert into "고객주소이력" ("고객번호","주소구분코드","주소순번","고객주소","생성일시") values ('0099','집',99,'0099님의 집 주소~',to_date('20/08/11','RR/MM/DD'));
Insert into "고객주소이력" ("고객번호","주소구분코드","주소순번","고객주소","생성일시") values ('0099','회사',99,'0099님의 회사 주소~',to_date('20/08/12','RR/MM/DD'));
Insert into "고객주소이력" ("고객번호","주소구분코드","주소순번","고객주소","생성일시") values ('0100','집',100,'0100님의 집 주소~',to_date('20/08/13','RR/MM/DD'));
Insert into "고객주소이력" ("고객번호","주소구분코드","주소순번","고객주소","생성일시") values ('0100','회사',100,'0100님의 회사 주소~',to_date('20/08/14','RR/MM/DD'));
REM INSERTING into "매체별제공영상"
SET DEFINE OFF;
Insert into "매체별제공영상" ("매체번호","영상번호","영상명","영상업로드일시") values (1,1,'1번 매체의 1번 영상',to_date('20/01/28','RR/MM/DD'));
Insert into "매체별제공영상" ("매체번호","영상번호","영상명","영상업로드일시") values (1,2,'1번 매체의 2번 영상',to_date('20/01/29','RR/MM/DD'));
Insert into "매체별제공영상" ("매체번호","영상번호","영상명","영상업로드일시") values (1,3,'1번 매체의 3번 영상',to_date('20/01/30','RR/MM/DD'));
Insert into "매체별제공영상" ("매체번호","영상번호","영상명","영상업로드일시") values (1,4,'1번 매체의 4번 영상',to_date('20/01/31','RR/MM/DD'));
Insert into "매체별제공영상" ("매체번호","영상번호","영상명","영상업로드일시") values (1,5,'1번 매체의 5번 영상',to_date('20/02/01','RR/MM/DD'));
Insert into "매체별제공영상" ("매체번호","영상번호","영상명","영상업로드일시") values (1,6,'1번 매체의 6번 영상',to_date('20/02/02','RR/MM/DD'));
Insert into "매체별제공영상" ("매체번호","영상번호","영상명","영상업로드일시") values (1,7,'1번 매체의 7번 영상',to_date('20/02/03','RR/MM/DD'));
Insert into "매체별제공영상" ("매체번호","영상번호","영상명","영상업로드일시") values (1,8,'1번 매체의 8번 영상',to_date('20/02/04','RR/MM/DD'));
Insert into "매체별제공영상" ("매체번호","영상번호","영상명","영상업로드일시") values (1,9,'1번 매체의 9번 영상',to_date('20/02/05','RR/MM/DD'));
Insert into "매체별제공영상" ("매체번호","영상번호","영상명","영상업로드일시") values (1,10,'1번 매체의 10번 영상',to_date('20/02/06','RR/MM/DD'));
Insert into "매체별제공영상" ("매체번호","영상번호","영상명","영상업로드일시") values (1,11,'1번 매체의 11번 영상',to_date('20/02/07','RR/MM/DD'));
Insert into "매체별제공영상" ("매체번호","영상번호","영상명","영상업로드일시") values (1,12,'1번 매체의 12번 영상',to_date('20/02/08','RR/MM/DD'));
Insert into "매체별제공영상" ("매체번호","영상번호","영상명","영상업로드일시") values (1,13,'1번 매체의 13번 영상',to_date('20/02/09','RR/MM/DD'));
Insert into "매체별제공영상" ("매체번호","영상번호","영상명","영상업로드일시") values (1,14,'1번 매체의 14번 영상',to_date('20/02/10','RR/MM/DD'));
Insert into "매체별제공영상" ("매체번호","영상번호","영상명","영상업로드일시") values (1,15,'1번 매체의 15번 영상',to_date('20/02/11','RR/MM/DD'));
Insert into "매체별제공영상" ("매체번호","영상번호","영상명","영상업로드일시") values (1,16,'1번 매체의 16번 영상',to_date('20/02/12','RR/MM/DD'));
Insert into "매체별제공영상" ("매체번호","영상번호","영상명","영상업로드일시") values (1,17,'1번 매체의 17번 영상',to_date('20/02/13','RR/MM/DD'));
Insert into "매체별제공영상" ("매체번호","영상번호","영상명","영상업로드일시") values (1,18,'1번 매체의 18번 영상',to_date('20/02/14','RR/MM/DD'));
Insert into "매체별제공영상" ("매체번호","영상번호","영상명","영상업로드일시") values (1,19,'1번 매체의 19번 영상',to_date('20/02/15','RR/MM/DD'));
Insert into "매체별제공영상" ("매체번호","영상번호","영상명","영상업로드일시") values (1,20,'1번 매체의 20번 영상',to_date('20/02/16','RR/MM/DD'));
Insert into "매체별제공영상" ("매체번호","영상번호","영상명","영상업로드일시") values (1,21,'1번 매체의 21번 영상',to_date('20/02/17','RR/MM/DD'));
Insert into "매체별제공영상" ("매체번호","영상번호","영상명","영상업로드일시") values (1,22,'1번 매체의 22번 영상',to_date('20/02/18','RR/MM/DD'));
Insert into "매체별제공영상" ("매체번호","영상번호","영상명","영상업로드일시") values (1,23,'1번 매체의 23번 영상',to_date('20/02/19','RR/MM/DD'));
Insert into "매체별제공영상" ("매체번호","영상번호","영상명","영상업로드일시") values (1,24,'1번 매체의 24번 영상',to_date('20/02/20','RR/MM/DD'));
Insert into "매체별제공영상" ("매체번호","영상번호","영상명","영상업로드일시") values (1,25,'1번 매체의 25번 영상',to_date('20/02/21','RR/MM/DD'));
Insert into "매체별제공영상" ("매체번호","영상번호","영상명","영상업로드일시") values (1,26,'1번 매체의 26번 영상',to_date('20/02/22','RR/MM/DD'));
Insert into "매체별제공영상" ("매체번호","영상번호","영상명","영상업로드일시") values (1,27,'1번 매체의 27번 영상',to_date('20/02/23','RR/MM/DD'));
Insert into "매체별제공영상" ("매체번호","영상번호","영상명","영상업로드일시") values (1,28,'1번 매체의 28번 영상',to_date('20/02/24','RR/MM/DD'));
Insert into "매체별제공영상" ("매체번호","영상번호","영상명","영상업로드일시") values (1,29,'1번 매체의 29번 영상',to_date('20/02/25','RR/MM/DD'));
Insert into "매체별제공영상" ("매체번호","영상번호","영상명","영상업로드일시") values (1,30,'1번 매체의 30번 영상',to_date('20/02/26','RR/MM/DD'));
Insert into "매체별제공영상" ("매체번호","영상번호","영상명","영상업로드일시") values (1,31,'1번 매체의 31번 영상',to_date('20/02/27','RR/MM/DD'));
Insert into "매체별제공영상" ("매체번호","영상번호","영상명","영상업로드일시") values (1,32,'1번 매체의 32번 영상',to_date('20/02/28','RR/MM/DD'));
Insert into "매체별제공영상" ("매체번호","영상번호","영상명","영상업로드일시") values (1,33,'1번 매체의 33번 영상',to_date('20/02/29','RR/MM/DD'));
Insert into "매체별제공영상" ("매체번호","영상번호","영상명","영상업로드일시") values (1,34,'1번 매체의 34번 영상',to_date('20/03/01','RR/MM/DD'));
Insert into "매체별제공영상" ("매체번호","영상번호","영상명","영상업로드일시") values (1,35,'1번 매체의 35번 영상',to_date('20/03/02','RR/MM/DD'));
Insert into "매체별제공영상" ("매체번호","영상번호","영상명","영상업로드일시") values (1,36,'1번 매체의 36번 영상',to_date('20/03/03','RR/MM/DD'));
Insert into "매체별제공영상" ("매체번호","영상번호","영상명","영상업로드일시") values (1,37,'1번 매체의 37번 영상',to_date('20/03/04','RR/MM/DD'));
Insert into "매체별제공영상" ("매체번호","영상번호","영상명","영상업로드일시") values (1,38,'1번 매체의 38번 영상',to_date('20/03/05','RR/MM/DD'));
Insert into "매체별제공영상" ("매체번호","영상번호","영상명","영상업로드일시") values (1,39,'1번 매체의 39번 영상',to_date('20/03/06','RR/MM/DD'));
Insert into "매체별제공영상" ("매체번호","영상번호","영상명","영상업로드일시") values (1,40,'1번 매체의 40번 영상',to_date('20/03/07','RR/MM/DD'));
Insert into "매체별제공영상" ("매체번호","영상번호","영상명","영상업로드일시") values (1,41,'1번 매체의 41번 영상',to_date('20/03/08','RR/MM/DD'));
Insert into "매체별제공영상" ("매체번호","영상번호","영상명","영상업로드일시") values (1,42,'1번 매체의 42번 영상',to_date('20/03/09','RR/MM/DD'));
Insert into "매체별제공영상" ("매체번호","영상번호","영상명","영상업로드일시") values (1,43,'1번 매체의 43번 영상',to_date('20/03/10','RR/MM/DD'));
Insert into "매체별제공영상" ("매체번호","영상번호","영상명","영상업로드일시") values (1,44,'1번 매체의 44번 영상',to_date('20/03/11','RR/MM/DD'));
Insert into "매체별제공영상" ("매체번호","영상번호","영상명","영상업로드일시") values (1,45,'1번 매체의 45번 영상',to_date('20/03/12','RR/MM/DD'));
Insert into "매체별제공영상" ("매체번호","영상번호","영상명","영상업로드일시") values (1,46,'1번 매체의 46번 영상',to_date('20/03/13','RR/MM/DD'));
Insert into "매체별제공영상" ("매체번호","영상번호","영상명","영상업로드일시") values (1,47,'1번 매체의 47번 영상',to_date('20/03/14','RR/MM/DD'));
Insert into "매체별제공영상" ("매체번호","영상번호","영상명","영상업로드일시") values (1,48,'1번 매체의 48번 영상',to_date('20/03/15','RR/MM/DD'));
Insert into "매체별제공영상" ("매체번호","영상번호","영상명","영상업로드일시") values (1,49,'1번 매체의 49번 영상',to_date('20/03/16','RR/MM/DD'));
Insert into "매체별제공영상" ("매체번호","영상번호","영상명","영상업로드일시") values (1,50,'1번 매체의 50번 영상',to_date('20/03/17','RR/MM/DD'));
Insert into "매체별제공영상" ("매체번호","영상번호","영상명","영상업로드일시") values (1,51,'1번 매체의 51번 영상',to_date('20/03/18','RR/MM/DD'));
Insert into "매체별제공영상" ("매체번호","영상번호","영상명","영상업로드일시") values (1,52,'1번 매체의 52번 영상',to_date('20/03/19','RR/MM/DD'));
Insert into "매체별제공영상" ("매체번호","영상번호","영상명","영상업로드일시") values (1,53,'1번 매체의 53번 영상',to_date('20/03/20','RR/MM/DD'));
Insert into "매체별제공영상" ("매체번호","영상번호","영상명","영상업로드일시") values (1,54,'1번 매체의 54번 영상',to_date('20/03/21','RR/MM/DD'));
Insert into "매체별제공영상" ("매체번호","영상번호","영상명","영상업로드일시") values (1,55,'1번 매체의 55번 영상',to_date('20/03/22','RR/MM/DD'));
Insert into "매체별제공영상" ("매체번호","영상번호","영상명","영상업로드일시") values (1,56,'1번 매체의 56번 영상',to_date('20/03/23','RR/MM/DD'));
Insert into "매체별제공영상" ("매체번호","영상번호","영상명","영상업로드일시") values (1,57,'1번 매체의 57번 영상',to_date('20/03/24','RR/MM/DD'));
Insert into "매체별제공영상" ("매체번호","영상번호","영상명","영상업로드일시") values (1,58,'1번 매체의 58번 영상',to_date('20/03/25','RR/MM/DD'));
Insert into "매체별제공영상" ("매체번호","영상번호","영상명","영상업로드일시") values (1,59,'1번 매체의 59번 영상',to_date('20/03/26','RR/MM/DD'));
Insert into "매체별제공영상" ("매체번호","영상번호","영상명","영상업로드일시") values (1,60,'1번 매체의 60번 영상',to_date('20/03/27','RR/MM/DD'));
Insert into "매체별제공영상" ("매체번호","영상번호","영상명","영상업로드일시") values (1,61,'1번 매체의 61번 영상',to_date('20/03/28','RR/MM/DD'));
Insert into "매체별제공영상" ("매체번호","영상번호","영상명","영상업로드일시") values (1,62,'1번 매체의 62번 영상',to_date('20/03/29','RR/MM/DD'));
Insert into "매체별제공영상" ("매체번호","영상번호","영상명","영상업로드일시") values (1,63,'1번 매체의 63번 영상',to_date('20/03/30','RR/MM/DD'));
Insert into "매체별제공영상" ("매체번호","영상번호","영상명","영상업로드일시") values (1,64,'1번 매체의 64번 영상',to_date('20/03/31','RR/MM/DD'));
Insert into "매체별제공영상" ("매체번호","영상번호","영상명","영상업로드일시") values (1,65,'1번 매체의 65번 영상',to_date('20/04/01','RR/MM/DD'));
Insert into "매체별제공영상" ("매체번호","영상번호","영상명","영상업로드일시") values (1,66,'1번 매체의 66번 영상',to_date('20/04/02','RR/MM/DD'));
Insert into "매체별제공영상" ("매체번호","영상번호","영상명","영상업로드일시") values (1,67,'1번 매체의 67번 영상',to_date('20/04/03','RR/MM/DD'));
Insert into "매체별제공영상" ("매체번호","영상번호","영상명","영상업로드일시") values (1,68,'1번 매체의 68번 영상',to_date('20/04/04','RR/MM/DD'));
Insert into "매체별제공영상" ("매체번호","영상번호","영상명","영상업로드일시") values (1,69,'1번 매체의 69번 영상',to_date('20/04/05','RR/MM/DD'));
Insert into "매체별제공영상" ("매체번호","영상번호","영상명","영상업로드일시") values (1,70,'1번 매체의 70번 영상',to_date('20/04/06','RR/MM/DD'));
Insert into "매체별제공영상" ("매체번호","영상번호","영상명","영상업로드일시") values (1,71,'1번 매체의 71번 영상',to_date('20/04/07','RR/MM/DD'));
Insert into "매체별제공영상" ("매체번호","영상번호","영상명","영상업로드일시") values (1,72,'1번 매체의 72번 영상',to_date('20/04/08','RR/MM/DD'));
Insert into "매체별제공영상" ("매체번호","영상번호","영상명","영상업로드일시") values (1,73,'1번 매체의 73번 영상',to_date('20/04/09','RR/MM/DD'));
Insert into "매체별제공영상" ("매체번호","영상번호","영상명","영상업로드일시") values (1,74,'1번 매체의 74번 영상',to_date('20/04/10','RR/MM/DD'));
Insert into "매체별제공영상" ("매체번호","영상번호","영상명","영상업로드일시") values (1,75,'1번 매체의 75번 영상',to_date('20/04/11','RR/MM/DD'));
Insert into "매체별제공영상" ("매체번호","영상번호","영상명","영상업로드일시") values (1,76,'1번 매체의 76번 영상',to_date('20/04/12','RR/MM/DD'));
Insert into "매체별제공영상" ("매체번호","영상번호","영상명","영상업로드일시") values (1,77,'1번 매체의 77번 영상',to_date('20/04/13','RR/MM/DD'));
Insert into "매체별제공영상" ("매체번호","영상번호","영상명","영상업로드일시") values (1,78,'1번 매체의 78번 영상',to_date('20/04/14','RR/MM/DD'));
Insert into "매체별제공영상" ("매체번호","영상번호","영상명","영상업로드일시") values (1,79,'1번 매체의 79번 영상',to_date('20/04/15','RR/MM/DD'));
Insert into "매체별제공영상" ("매체번호","영상번호","영상명","영상업로드일시") values (1,80,'1번 매체의 80번 영상',to_date('20/04/16','RR/MM/DD'));
Insert into "매체별제공영상" ("매체번호","영상번호","영상명","영상업로드일시") values (1,81,'1번 매체의 81번 영상',to_date('20/04/17','RR/MM/DD'));
Insert into "매체별제공영상" ("매체번호","영상번호","영상명","영상업로드일시") values (1,82,'1번 매체의 82번 영상',to_date('20/04/18','RR/MM/DD'));
Insert into "매체별제공영상" ("매체번호","영상번호","영상명","영상업로드일시") values (1,83,'1번 매체의 83번 영상',to_date('20/04/19','RR/MM/DD'));
Insert into "매체별제공영상" ("매체번호","영상번호","영상명","영상업로드일시") values (1,84,'1번 매체의 84번 영상',to_date('20/04/20','RR/MM/DD'));
Insert into "매체별제공영상" ("매체번호","영상번호","영상명","영상업로드일시") values (1,85,'1번 매체의 85번 영상',to_date('20/04/21','RR/MM/DD'));
Insert into "매체별제공영상" ("매체번호","영상번호","영상명","영상업로드일시") values (1,86,'1번 매체의 86번 영상',to_date('20/04/22','RR/MM/DD'));
Insert into "매체별제공영상" ("매체번호","영상번호","영상명","영상업로드일시") values (1,87,'1번 매체의 87번 영상',to_date('20/04/23','RR/MM/DD'));
Insert into "매체별제공영상" ("매체번호","영상번호","영상명","영상업로드일시") values (1,88,'1번 매체의 88번 영상',to_date('20/04/24','RR/MM/DD'));
Insert into "매체별제공영상" ("매체번호","영상번호","영상명","영상업로드일시") values (1,89,'1번 매체의 89번 영상',to_date('20/04/25','RR/MM/DD'));
Insert into "매체별제공영상" ("매체번호","영상번호","영상명","영상업로드일시") values (1,90,'1번 매체의 90번 영상',to_date('20/04/26','RR/MM/DD'));
Insert into "매체별제공영상" ("매체번호","영상번호","영상명","영상업로드일시") values (1,91,'1번 매체의 91번 영상',to_date('20/04/27','RR/MM/DD'));
Insert into "매체별제공영상" ("매체번호","영상번호","영상명","영상업로드일시") values (1,92,'1번 매체의 92번 영상',to_date('20/04/28','RR/MM/DD'));
Insert into "매체별제공영상" ("매체번호","영상번호","영상명","영상업로드일시") values (1,93,'1번 매체의 93번 영상',to_date('20/04/29','RR/MM/DD'));
Insert into "매체별제공영상" ("매체번호","영상번호","영상명","영상업로드일시") values (1,94,'1번 매체의 94번 영상',to_date('20/04/30','RR/MM/DD'));
Insert into "매체별제공영상" ("매체번호","영상번호","영상명","영상업로드일시") values (1,95,'1번 매체의 95번 영상',to_date('20/05/01','RR/MM/DD'));
Insert into "매체별제공영상" ("매체번호","영상번호","영상명","영상업로드일시") values (1,96,'1번 매체의 96번 영상',to_date('20/05/02','RR/MM/DD'));
Insert into "매체별제공영상" ("매체번호","영상번호","영상명","영상업로드일시") values (1,97,'1번 매체의 97번 영상',to_date('20/05/03','RR/MM/DD'));
Insert into "매체별제공영상" ("매체번호","영상번호","영상명","영상업로드일시") values (1,98,'1번 매체의 98번 영상',to_date('20/05/04','RR/MM/DD'));
Insert into "매체별제공영상" ("매체번호","영상번호","영상명","영상업로드일시") values (1,99,'1번 매체의 99번 영상',to_date('20/05/05','RR/MM/DD'));
Insert into "매체별제공영상" ("매체번호","영상번호","영상명","영상업로드일시") values (1,100,'1번 매체의 100번 영상',to_date('20/05/06','RR/MM/DD'));
Insert into "매체별제공영상" ("매체번호","영상번호","영상명","영상업로드일시") values (2,1,'2번 매체의 1번 영상',to_date('20/05/07','RR/MM/DD'));
Insert into "매체별제공영상" ("매체번호","영상번호","영상명","영상업로드일시") values (2,2,'2번 매체의 2번 영상',to_date('20/05/08','RR/MM/DD'));
Insert into "매체별제공영상" ("매체번호","영상번호","영상명","영상업로드일시") values (2,3,'2번 매체의 3번 영상',to_date('20/05/09','RR/MM/DD'));
Insert into "매체별제공영상" ("매체번호","영상번호","영상명","영상업로드일시") values (2,4,'2번 매체의 4번 영상',to_date('20/05/10','RR/MM/DD'));
Insert into "매체별제공영상" ("매체번호","영상번호","영상명","영상업로드일시") values (2,5,'2번 매체의 5번 영상',to_date('20/05/11','RR/MM/DD'));
Insert into "매체별제공영상" ("매체번호","영상번호","영상명","영상업로드일시") values (2,6,'2번 매체의 6번 영상',to_date('20/05/12','RR/MM/DD'));
Insert into "매체별제공영상" ("매체번호","영상번호","영상명","영상업로드일시") values (2,7,'2번 매체의 7번 영상',to_date('20/05/13','RR/MM/DD'));
Insert into "매체별제공영상" ("매체번호","영상번호","영상명","영상업로드일시") values (2,8,'2번 매체의 8번 영상',to_date('20/05/14','RR/MM/DD'));
Insert into "매체별제공영상" ("매체번호","영상번호","영상명","영상업로드일시") values (2,9,'2번 매체의 9번 영상',to_date('20/05/15','RR/MM/DD'));
Insert into "매체별제공영상" ("매체번호","영상번호","영상명","영상업로드일시") values (2,10,'2번 매체의 10번 영상',to_date('20/05/16','RR/MM/DD'));
Insert into "매체별제공영상" ("매체번호","영상번호","영상명","영상업로드일시") values (2,11,'2번 매체의 11번 영상',to_date('20/05/17','RR/MM/DD'));
Insert into "매체별제공영상" ("매체번호","영상번호","영상명","영상업로드일시") values (2,12,'2번 매체의 12번 영상',to_date('20/05/18','RR/MM/DD'));
Insert into "매체별제공영상" ("매체번호","영상번호","영상명","영상업로드일시") values (2,13,'2번 매체의 13번 영상',to_date('20/05/19','RR/MM/DD'));
Insert into "매체별제공영상" ("매체번호","영상번호","영상명","영상업로드일시") values (2,14,'2번 매체의 14번 영상',to_date('20/05/20','RR/MM/DD'));
Insert into "매체별제공영상" ("매체번호","영상번호","영상명","영상업로드일시") values (2,15,'2번 매체의 15번 영상',to_date('20/05/21','RR/MM/DD'));
Insert into "매체별제공영상" ("매체번호","영상번호","영상명","영상업로드일시") values (2,16,'2번 매체의 16번 영상',to_date('20/05/22','RR/MM/DD'));
Insert into "매체별제공영상" ("매체번호","영상번호","영상명","영상업로드일시") values (2,17,'2번 매체의 17번 영상',to_date('20/05/23','RR/MM/DD'));
Insert into "매체별제공영상" ("매체번호","영상번호","영상명","영상업로드일시") values (2,18,'2번 매체의 18번 영상',to_date('20/05/24','RR/MM/DD'));
Insert into "매체별제공영상" ("매체번호","영상번호","영상명","영상업로드일시") values (2,19,'2번 매체의 19번 영상',to_date('20/05/25','RR/MM/DD'));
Insert into "매체별제공영상" ("매체번호","영상번호","영상명","영상업로드일시") values (2,20,'2번 매체의 20번 영상',to_date('20/05/26','RR/MM/DD'));
Insert into "매체별제공영상" ("매체번호","영상번호","영상명","영상업로드일시") values (2,21,'2번 매체의 21번 영상',to_date('20/05/27','RR/MM/DD'));
Insert into "매체별제공영상" ("매체번호","영상번호","영상명","영상업로드일시") values (2,22,'2번 매체의 22번 영상',to_date('20/05/28','RR/MM/DD'));
Insert into "매체별제공영상" ("매체번호","영상번호","영상명","영상업로드일시") values (2,23,'2번 매체의 23번 영상',to_date('20/05/29','RR/MM/DD'));
Insert into "매체별제공영상" ("매체번호","영상번호","영상명","영상업로드일시") values (2,24,'2번 매체의 24번 영상',to_date('20/05/30','RR/MM/DD'));
Insert into "매체별제공영상" ("매체번호","영상번호","영상명","영상업로드일시") values (2,25,'2번 매체의 25번 영상',to_date('20/05/31','RR/MM/DD'));
Insert into "매체별제공영상" ("매체번호","영상번호","영상명","영상업로드일시") values (2,26,'2번 매체의 26번 영상',to_date('20/06/01','RR/MM/DD'));
Insert into "매체별제공영상" ("매체번호","영상번호","영상명","영상업로드일시") values (2,27,'2번 매체의 27번 영상',to_date('20/06/02','RR/MM/DD'));
Insert into "매체별제공영상" ("매체번호","영상번호","영상명","영상업로드일시") values (2,28,'2번 매체의 28번 영상',to_date('20/06/03','RR/MM/DD'));
Insert into "매체별제공영상" ("매체번호","영상번호","영상명","영상업로드일시") values (2,29,'2번 매체의 29번 영상',to_date('20/06/04','RR/MM/DD'));
Insert into "매체별제공영상" ("매체번호","영상번호","영상명","영상업로드일시") values (2,30,'2번 매체의 30번 영상',to_date('20/06/05','RR/MM/DD'));
Insert into "매체별제공영상" ("매체번호","영상번호","영상명","영상업로드일시") values (2,31,'2번 매체의 31번 영상',to_date('20/06/06','RR/MM/DD'));
Insert into "매체별제공영상" ("매체번호","영상번호","영상명","영상업로드일시") values (2,32,'2번 매체의 32번 영상',to_date('20/06/07','RR/MM/DD'));
Insert into "매체별제공영상" ("매체번호","영상번호","영상명","영상업로드일시") values (2,33,'2번 매체의 33번 영상',to_date('20/06/08','RR/MM/DD'));
Insert into "매체별제공영상" ("매체번호","영상번호","영상명","영상업로드일시") values (2,34,'2번 매체의 34번 영상',to_date('20/06/09','RR/MM/DD'));
Insert into "매체별제공영상" ("매체번호","영상번호","영상명","영상업로드일시") values (2,35,'2번 매체의 35번 영상',to_date('20/06/10','RR/MM/DD'));
Insert into "매체별제공영상" ("매체번호","영상번호","영상명","영상업로드일시") values (2,36,'2번 매체의 36번 영상',to_date('20/06/11','RR/MM/DD'));
Insert into "매체별제공영상" ("매체번호","영상번호","영상명","영상업로드일시") values (2,37,'2번 매체의 37번 영상',to_date('20/06/12','RR/MM/DD'));
Insert into "매체별제공영상" ("매체번호","영상번호","영상명","영상업로드일시") values (2,38,'2번 매체의 38번 영상',to_date('20/06/13','RR/MM/DD'));
Insert into "매체별제공영상" ("매체번호","영상번호","영상명","영상업로드일시") values (2,39,'2번 매체의 39번 영상',to_date('20/06/14','RR/MM/DD'));
Insert into "매체별제공영상" ("매체번호","영상번호","영상명","영상업로드일시") values (2,40,'2번 매체의 40번 영상',to_date('20/06/15','RR/MM/DD'));
Insert into "매체별제공영상" ("매체번호","영상번호","영상명","영상업로드일시") values (2,41,'2번 매체의 41번 영상',to_date('20/06/16','RR/MM/DD'));
Insert into "매체별제공영상" ("매체번호","영상번호","영상명","영상업로드일시") values (2,42,'2번 매체의 42번 영상',to_date('20/06/17','RR/MM/DD'));
Insert into "매체별제공영상" ("매체번호","영상번호","영상명","영상업로드일시") values (2,43,'2번 매체의 43번 영상',to_date('20/06/18','RR/MM/DD'));
Insert into "매체별제공영상" ("매체번호","영상번호","영상명","영상업로드일시") values (2,44,'2번 매체의 44번 영상',to_date('20/06/19','RR/MM/DD'));
Insert into "매체별제공영상" ("매체번호","영상번호","영상명","영상업로드일시") values (2,45,'2번 매체의 45번 영상',to_date('20/06/20','RR/MM/DD'));
Insert into "매체별제공영상" ("매체번호","영상번호","영상명","영상업로드일시") values (2,46,'2번 매체의 46번 영상',to_date('20/06/21','RR/MM/DD'));
Insert into "매체별제공영상" ("매체번호","영상번호","영상명","영상업로드일시") values (2,47,'2번 매체의 47번 영상',to_date('20/06/22','RR/MM/DD'));
Insert into "매체별제공영상" ("매체번호","영상번호","영상명","영상업로드일시") values (2,48,'2번 매체의 48번 영상',to_date('20/06/23','RR/MM/DD'));
Insert into "매체별제공영상" ("매체번호","영상번호","영상명","영상업로드일시") values (2,49,'2번 매체의 49번 영상',to_date('20/06/24','RR/MM/DD'));
Insert into "매체별제공영상" ("매체번호","영상번호","영상명","영상업로드일시") values (2,50,'2번 매체의 50번 영상',to_date('20/06/25','RR/MM/DD'));
Insert into "매체별제공영상" ("매체번호","영상번호","영상명","영상업로드일시") values (2,51,'2번 매체의 51번 영상',to_date('20/06/26','RR/MM/DD'));
Insert into "매체별제공영상" ("매체번호","영상번호","영상명","영상업로드일시") values (2,52,'2번 매체의 52번 영상',to_date('20/06/27','RR/MM/DD'));
Insert into "매체별제공영상" ("매체번호","영상번호","영상명","영상업로드일시") values (2,53,'2번 매체의 53번 영상',to_date('20/06/28','RR/MM/DD'));
Insert into "매체별제공영상" ("매체번호","영상번호","영상명","영상업로드일시") values (2,54,'2번 매체의 54번 영상',to_date('20/06/29','RR/MM/DD'));
Insert into "매체별제공영상" ("매체번호","영상번호","영상명","영상업로드일시") values (2,55,'2번 매체의 55번 영상',to_date('20/06/30','RR/MM/DD'));
Insert into "매체별제공영상" ("매체번호","영상번호","영상명","영상업로드일시") values (2,56,'2번 매체의 56번 영상',to_date('20/07/01','RR/MM/DD'));
Insert into "매체별제공영상" ("매체번호","영상번호","영상명","영상업로드일시") values (2,57,'2번 매체의 57번 영상',to_date('20/07/02','RR/MM/DD'));
Insert into "매체별제공영상" ("매체번호","영상번호","영상명","영상업로드일시") values (2,58,'2번 매체의 58번 영상',to_date('20/07/03','RR/MM/DD'));
Insert into "매체별제공영상" ("매체번호","영상번호","영상명","영상업로드일시") values (2,59,'2번 매체의 59번 영상',to_date('20/07/04','RR/MM/DD'));
Insert into "매체별제공영상" ("매체번호","영상번호","영상명","영상업로드일시") values (2,60,'2번 매체의 60번 영상',to_date('20/07/05','RR/MM/DD'));
Insert into "매체별제공영상" ("매체번호","영상번호","영상명","영상업로드일시") values (2,61,'2번 매체의 61번 영상',to_date('20/07/06','RR/MM/DD'));
Insert into "매체별제공영상" ("매체번호","영상번호","영상명","영상업로드일시") values (2,62,'2번 매체의 62번 영상',to_date('20/07/07','RR/MM/DD'));
Insert into "매체별제공영상" ("매체번호","영상번호","영상명","영상업로드일시") values (2,63,'2번 매체의 63번 영상',to_date('20/07/08','RR/MM/DD'));
Insert into "매체별제공영상" ("매체번호","영상번호","영상명","영상업로드일시") values (2,64,'2번 매체의 64번 영상',to_date('20/07/09','RR/MM/DD'));
Insert into "매체별제공영상" ("매체번호","영상번호","영상명","영상업로드일시") values (2,65,'2번 매체의 65번 영상',to_date('20/07/10','RR/MM/DD'));
Insert into "매체별제공영상" ("매체번호","영상번호","영상명","영상업로드일시") values (2,66,'2번 매체의 66번 영상',to_date('20/07/11','RR/MM/DD'));
Insert into "매체별제공영상" ("매체번호","영상번호","영상명","영상업로드일시") values (2,67,'2번 매체의 67번 영상',to_date('20/07/12','RR/MM/DD'));
Insert into "매체별제공영상" ("매체번호","영상번호","영상명","영상업로드일시") values (2,68,'2번 매체의 68번 영상',to_date('20/07/13','RR/MM/DD'));
Insert into "매체별제공영상" ("매체번호","영상번호","영상명","영상업로드일시") values (2,69,'2번 매체의 69번 영상',to_date('20/07/14','RR/MM/DD'));
Insert into "매체별제공영상" ("매체번호","영상번호","영상명","영상업로드일시") values (2,70,'2번 매체의 70번 영상',to_date('20/07/15','RR/MM/DD'));
Insert into "매체별제공영상" ("매체번호","영상번호","영상명","영상업로드일시") values (2,71,'2번 매체의 71번 영상',to_date('20/07/16','RR/MM/DD'));
Insert into "매체별제공영상" ("매체번호","영상번호","영상명","영상업로드일시") values (2,72,'2번 매체의 72번 영상',to_date('20/07/17','RR/MM/DD'));
Insert into "매체별제공영상" ("매체번호","영상번호","영상명","영상업로드일시") values (2,73,'2번 매체의 73번 영상',to_date('20/07/18','RR/MM/DD'));
Insert into "매체별제공영상" ("매체번호","영상번호","영상명","영상업로드일시") values (2,74,'2번 매체의 74번 영상',to_date('20/07/19','RR/MM/DD'));
Insert into "매체별제공영상" ("매체번호","영상번호","영상명","영상업로드일시") values (2,75,'2번 매체의 75번 영상',to_date('20/07/20','RR/MM/DD'));
Insert into "매체별제공영상" ("매체번호","영상번호","영상명","영상업로드일시") values (2,76,'2번 매체의 76번 영상',to_date('20/07/21','RR/MM/DD'));
Insert into "매체별제공영상" ("매체번호","영상번호","영상명","영상업로드일시") values (2,77,'2번 매체의 77번 영상',to_date('20/07/22','RR/MM/DD'));
Insert into "매체별제공영상" ("매체번호","영상번호","영상명","영상업로드일시") values (2,78,'2번 매체의 78번 영상',to_date('20/07/23','RR/MM/DD'));
Insert into "매체별제공영상" ("매체번호","영상번호","영상명","영상업로드일시") values (2,79,'2번 매체의 79번 영상',to_date('20/07/24','RR/MM/DD'));
Insert into "매체별제공영상" ("매체번호","영상번호","영상명","영상업로드일시") values (2,80,'2번 매체의 80번 영상',to_date('20/07/25','RR/MM/DD'));
Insert into "매체별제공영상" ("매체번호","영상번호","영상명","영상업로드일시") values (2,81,'2번 매체의 81번 영상',to_date('20/07/26','RR/MM/DD'));
Insert into "매체별제공영상" ("매체번호","영상번호","영상명","영상업로드일시") values (2,82,'2번 매체의 82번 영상',to_date('20/07/27','RR/MM/DD'));
Insert into "매체별제공영상" ("매체번호","영상번호","영상명","영상업로드일시") values (2,83,'2번 매체의 83번 영상',to_date('20/07/28','RR/MM/DD'));
Insert into "매체별제공영상" ("매체번호","영상번호","영상명","영상업로드일시") values (2,84,'2번 매체의 84번 영상',to_date('20/07/29','RR/MM/DD'));
Insert into "매체별제공영상" ("매체번호","영상번호","영상명","영상업로드일시") values (2,85,'2번 매체의 85번 영상',to_date('20/07/30','RR/MM/DD'));
Insert into "매체별제공영상" ("매체번호","영상번호","영상명","영상업로드일시") values (2,86,'2번 매체의 86번 영상',to_date('20/07/31','RR/MM/DD'));
Insert into "매체별제공영상" ("매체번호","영상번호","영상명","영상업로드일시") values (2,87,'2번 매체의 87번 영상',to_date('20/08/01','RR/MM/DD'));
Insert into "매체별제공영상" ("매체번호","영상번호","영상명","영상업로드일시") values (2,88,'2번 매체의 88번 영상',to_date('20/08/02','RR/MM/DD'));
Insert into "매체별제공영상" ("매체번호","영상번호","영상명","영상업로드일시") values (2,89,'2번 매체의 89번 영상',to_date('20/08/03','RR/MM/DD'));
Insert into "매체별제공영상" ("매체번호","영상번호","영상명","영상업로드일시") values (2,90,'2번 매체의 90번 영상',to_date('20/08/04','RR/MM/DD'));
Insert into "매체별제공영상" ("매체번호","영상번호","영상명","영상업로드일시") values (2,91,'2번 매체의 91번 영상',to_date('20/08/05','RR/MM/DD'));
Insert into "매체별제공영상" ("매체번호","영상번호","영상명","영상업로드일시") values (2,92,'2번 매체의 92번 영상',to_date('20/08/06','RR/MM/DD'));
Insert into "매체별제공영상" ("매체번호","영상번호","영상명","영상업로드일시") values (2,93,'2번 매체의 93번 영상',to_date('20/08/07','RR/MM/DD'));
Insert into "매체별제공영상" ("매체번호","영상번호","영상명","영상업로드일시") values (2,94,'2번 매체의 94번 영상',to_date('20/08/08','RR/MM/DD'));
Insert into "매체별제공영상" ("매체번호","영상번호","영상명","영상업로드일시") values (2,95,'2번 매체의 95번 영상',to_date('20/08/09','RR/MM/DD'));
Insert into "매체별제공영상" ("매체번호","영상번호","영상명","영상업로드일시") values (2,96,'2번 매체의 96번 영상',to_date('20/08/10','RR/MM/DD'));
Insert into "매체별제공영상" ("매체번호","영상번호","영상명","영상업로드일시") values (2,97,'2번 매체의 97번 영상',to_date('20/08/11','RR/MM/DD'));
Insert into "매체별제공영상" ("매체번호","영상번호","영상명","영상업로드일시") values (2,98,'2번 매체의 98번 영상',to_date('20/08/12','RR/MM/DD'));
Insert into "매체별제공영상" ("매체번호","영상번호","영상명","영상업로드일시") values (2,99,'2번 매체의 99번 영상',to_date('20/08/13','RR/MM/DD'));
Insert into "매체별제공영상" ("매체번호","영상번호","영상명","영상업로드일시") values (2,100,'2번 매체의 100번 영상',to_date('20/08/14','RR/MM/DD'));
Insert into "매체별제공영상" ("매체번호","영상번호","영상명","영상업로드일시") values (3,1,'3번 매체의 1번 영상',to_date('20/08/15','RR/MM/DD'));
Insert into "매체별제공영상" ("매체번호","영상번호","영상명","영상업로드일시") values (3,2,'3번 매체의 2번 영상',to_date('20/08/16','RR/MM/DD'));
Insert into "매체별제공영상" ("매체번호","영상번호","영상명","영상업로드일시") values (3,3,'3번 매체의 3번 영상',to_date('20/08/17','RR/MM/DD'));
Insert into "매체별제공영상" ("매체번호","영상번호","영상명","영상업로드일시") values (3,4,'3번 매체의 4번 영상',to_date('20/08/18','RR/MM/DD'));
Insert into "매체별제공영상" ("매체번호","영상번호","영상명","영상업로드일시") values (3,5,'3번 매체의 5번 영상',to_date('20/08/19','RR/MM/DD'));
Insert into "매체별제공영상" ("매체번호","영상번호","영상명","영상업로드일시") values (3,6,'3번 매체의 6번 영상',to_date('20/08/20','RR/MM/DD'));
Insert into "매체별제공영상" ("매체번호","영상번호","영상명","영상업로드일시") values (3,7,'3번 매체의 7번 영상',to_date('20/08/21','RR/MM/DD'));
Insert into "매체별제공영상" ("매체번호","영상번호","영상명","영상업로드일시") values (3,8,'3번 매체의 8번 영상',to_date('20/08/22','RR/MM/DD'));
Insert into "매체별제공영상" ("매체번호","영상번호","영상명","영상업로드일시") values (3,9,'3번 매체의 9번 영상',to_date('20/08/23','RR/MM/DD'));
Insert into "매체별제공영상" ("매체번호","영상번호","영상명","영상업로드일시") values (3,10,'3번 매체의 10번 영상',to_date('20/08/24','RR/MM/DD'));
Insert into "매체별제공영상" ("매체번호","영상번호","영상명","영상업로드일시") values (3,11,'3번 매체의 11번 영상',to_date('20/08/25','RR/MM/DD'));
Insert into "매체별제공영상" ("매체번호","영상번호","영상명","영상업로드일시") values (3,12,'3번 매체의 12번 영상',to_date('20/08/26','RR/MM/DD'));
Insert into "매체별제공영상" ("매체번호","영상번호","영상명","영상업로드일시") values (3,13,'3번 매체의 13번 영상',to_date('20/08/27','RR/MM/DD'));
Insert into "매체별제공영상" ("매체번호","영상번호","영상명","영상업로드일시") values (3,14,'3번 매체의 14번 영상',to_date('20/08/28','RR/MM/DD'));
Insert into "매체별제공영상" ("매체번호","영상번호","영상명","영상업로드일시") values (3,15,'3번 매체의 15번 영상',to_date('20/08/29','RR/MM/DD'));
Insert into "매체별제공영상" ("매체번호","영상번호","영상명","영상업로드일시") values (3,16,'3번 매체의 16번 영상',to_date('20/08/30','RR/MM/DD'));
Insert into "매체별제공영상" ("매체번호","영상번호","영상명","영상업로드일시") values (3,17,'3번 매체의 17번 영상',to_date('20/08/31','RR/MM/DD'));
Insert into "매체별제공영상" ("매체번호","영상번호","영상명","영상업로드일시") values (3,18,'3번 매체의 18번 영상',to_date('20/09/01','RR/MM/DD'));
Insert into "매체별제공영상" ("매체번호","영상번호","영상명","영상업로드일시") values (3,19,'3번 매체의 19번 영상',to_date('20/09/02','RR/MM/DD'));
Insert into "매체별제공영상" ("매체번호","영상번호","영상명","영상업로드일시") values (3,20,'3번 매체의 20번 영상',to_date('20/09/03','RR/MM/DD'));
Insert into "매체별제공영상" ("매체번호","영상번호","영상명","영상업로드일시") values (3,21,'3번 매체의 21번 영상',to_date('20/09/04','RR/MM/DD'));
Insert into "매체별제공영상" ("매체번호","영상번호","영상명","영상업로드일시") values (3,22,'3번 매체의 22번 영상',to_date('20/09/05','RR/MM/DD'));
Insert into "매체별제공영상" ("매체번호","영상번호","영상명","영상업로드일시") values (3,23,'3번 매체의 23번 영상',to_date('20/09/06','RR/MM/DD'));
Insert into "매체별제공영상" ("매체번호","영상번호","영상명","영상업로드일시") values (3,24,'3번 매체의 24번 영상',to_date('20/09/07','RR/MM/DD'));
Insert into "매체별제공영상" ("매체번호","영상번호","영상명","영상업로드일시") values (3,25,'3번 매체의 25번 영상',to_date('20/09/08','RR/MM/DD'));
Insert into "매체별제공영상" ("매체번호","영상번호","영상명","영상업로드일시") values (3,26,'3번 매체의 26번 영상',to_date('20/09/09','RR/MM/DD'));
Insert into "매체별제공영상" ("매체번호","영상번호","영상명","영상업로드일시") values (3,27,'3번 매체의 27번 영상',to_date('20/09/10','RR/MM/DD'));
Insert into "매체별제공영상" ("매체번호","영상번호","영상명","영상업로드일시") values (3,28,'3번 매체의 28번 영상',to_date('20/09/11','RR/MM/DD'));
Insert into "매체별제공영상" ("매체번호","영상번호","영상명","영상업로드일시") values (3,29,'3번 매체의 29번 영상',to_date('20/09/12','RR/MM/DD'));
Insert into "매체별제공영상" ("매체번호","영상번호","영상명","영상업로드일시") values (3,30,'3번 매체의 30번 영상',to_date('20/09/13','RR/MM/DD'));
Insert into "매체별제공영상" ("매체번호","영상번호","영상명","영상업로드일시") values (3,31,'3번 매체의 31번 영상',to_date('20/09/14','RR/MM/DD'));
Insert into "매체별제공영상" ("매체번호","영상번호","영상명","영상업로드일시") values (3,32,'3번 매체의 32번 영상',to_date('20/09/15','RR/MM/DD'));
Insert into "매체별제공영상" ("매체번호","영상번호","영상명","영상업로드일시") values (3,33,'3번 매체의 33번 영상',to_date('20/09/16','RR/MM/DD'));
Insert into "매체별제공영상" ("매체번호","영상번호","영상명","영상업로드일시") values (3,34,'3번 매체의 34번 영상',to_date('20/09/17','RR/MM/DD'));
Insert into "매체별제공영상" ("매체번호","영상번호","영상명","영상업로드일시") values (3,35,'3번 매체의 35번 영상',to_date('20/09/18','RR/MM/DD'));
Insert into "매체별제공영상" ("매체번호","영상번호","영상명","영상업로드일시") values (3,36,'3번 매체의 36번 영상',to_date('20/09/19','RR/MM/DD'));
Insert into "매체별제공영상" ("매체번호","영상번호","영상명","영상업로드일시") values (3,37,'3번 매체의 37번 영상',to_date('20/09/20','RR/MM/DD'));
Insert into "매체별제공영상" ("매체번호","영상번호","영상명","영상업로드일시") values (3,38,'3번 매체의 38번 영상',to_date('20/09/21','RR/MM/DD'));
Insert into "매체별제공영상" ("매체번호","영상번호","영상명","영상업로드일시") values (3,39,'3번 매체의 39번 영상',to_date('20/09/22','RR/MM/DD'));
Insert into "매체별제공영상" ("매체번호","영상번호","영상명","영상업로드일시") values (3,40,'3번 매체의 40번 영상',to_date('20/09/23','RR/MM/DD'));
Insert into "매체별제공영상" ("매체번호","영상번호","영상명","영상업로드일시") values (3,41,'3번 매체의 41번 영상',to_date('20/09/24','RR/MM/DD'));
Insert into "매체별제공영상" ("매체번호","영상번호","영상명","영상업로드일시") values (3,42,'3번 매체의 42번 영상',to_date('20/09/25','RR/MM/DD'));
Insert into "매체별제공영상" ("매체번호","영상번호","영상명","영상업로드일시") values (3,43,'3번 매체의 43번 영상',to_date('20/09/26','RR/MM/DD'));
Insert into "매체별제공영상" ("매체번호","영상번호","영상명","영상업로드일시") values (3,44,'3번 매체의 44번 영상',to_date('20/09/27','RR/MM/DD'));
Insert into "매체별제공영상" ("매체번호","영상번호","영상명","영상업로드일시") values (3,45,'3번 매체의 45번 영상',to_date('20/09/28','RR/MM/DD'));
Insert into "매체별제공영상" ("매체번호","영상번호","영상명","영상업로드일시") values (3,46,'3번 매체의 46번 영상',to_date('20/09/29','RR/MM/DD'));
Insert into "매체별제공영상" ("매체번호","영상번호","영상명","영상업로드일시") values (3,47,'3번 매체의 47번 영상',to_date('20/09/30','RR/MM/DD'));
Insert into "매체별제공영상" ("매체번호","영상번호","영상명","영상업로드일시") values (3,48,'3번 매체의 48번 영상',to_date('20/10/01','RR/MM/DD'));
Insert into "매체별제공영상" ("매체번호","영상번호","영상명","영상업로드일시") values (3,49,'3번 매체의 49번 영상',to_date('20/10/02','RR/MM/DD'));
Insert into "매체별제공영상" ("매체번호","영상번호","영상명","영상업로드일시") values (3,50,'3번 매체의 50번 영상',to_date('20/10/03','RR/MM/DD'));
Insert into "매체별제공영상" ("매체번호","영상번호","영상명","영상업로드일시") values (3,51,'3번 매체의 51번 영상',to_date('20/10/04','RR/MM/DD'));
Insert into "매체별제공영상" ("매체번호","영상번호","영상명","영상업로드일시") values (3,52,'3번 매체의 52번 영상',to_date('20/10/05','RR/MM/DD'));
Insert into "매체별제공영상" ("매체번호","영상번호","영상명","영상업로드일시") values (3,53,'3번 매체의 53번 영상',to_date('20/10/06','RR/MM/DD'));
Insert into "매체별제공영상" ("매체번호","영상번호","영상명","영상업로드일시") values (3,54,'3번 매체의 54번 영상',to_date('20/10/07','RR/MM/DD'));
Insert into "매체별제공영상" ("매체번호","영상번호","영상명","영상업로드일시") values (3,55,'3번 매체의 55번 영상',to_date('20/10/08','RR/MM/DD'));
Insert into "매체별제공영상" ("매체번호","영상번호","영상명","영상업로드일시") values (3,56,'3번 매체의 56번 영상',to_date('20/10/09','RR/MM/DD'));
Insert into "매체별제공영상" ("매체번호","영상번호","영상명","영상업로드일시") values (3,57,'3번 매체의 57번 영상',to_date('20/10/10','RR/MM/DD'));
Insert into "매체별제공영상" ("매체번호","영상번호","영상명","영상업로드일시") values (3,58,'3번 매체의 58번 영상',to_date('20/10/11','RR/MM/DD'));
Insert into "매체별제공영상" ("매체번호","영상번호","영상명","영상업로드일시") values (3,59,'3번 매체의 59번 영상',to_date('20/10/12','RR/MM/DD'));
Insert into "매체별제공영상" ("매체번호","영상번호","영상명","영상업로드일시") values (3,60,'3번 매체의 60번 영상',to_date('20/10/13','RR/MM/DD'));
Insert into "매체별제공영상" ("매체번호","영상번호","영상명","영상업로드일시") values (3,61,'3번 매체의 61번 영상',to_date('20/10/14','RR/MM/DD'));
Insert into "매체별제공영상" ("매체번호","영상번호","영상명","영상업로드일시") values (3,62,'3번 매체의 62번 영상',to_date('20/10/15','RR/MM/DD'));
Insert into "매체별제공영상" ("매체번호","영상번호","영상명","영상업로드일시") values (3,63,'3번 매체의 63번 영상',to_date('20/10/16','RR/MM/DD'));
Insert into "매체별제공영상" ("매체번호","영상번호","영상명","영상업로드일시") values (3,64,'3번 매체의 64번 영상',to_date('20/10/17','RR/MM/DD'));
Insert into "매체별제공영상" ("매체번호","영상번호","영상명","영상업로드일시") values (3,65,'3번 매체의 65번 영상',to_date('20/10/18','RR/MM/DD'));
Insert into "매체별제공영상" ("매체번호","영상번호","영상명","영상업로드일시") values (3,66,'3번 매체의 66번 영상',to_date('20/10/19','RR/MM/DD'));
Insert into "매체별제공영상" ("매체번호","영상번호","영상명","영상업로드일시") values (3,67,'3번 매체의 67번 영상',to_date('20/10/20','RR/MM/DD'));
Insert into "매체별제공영상" ("매체번호","영상번호","영상명","영상업로드일시") values (3,68,'3번 매체의 68번 영상',to_date('20/10/21','RR/MM/DD'));
Insert into "매체별제공영상" ("매체번호","영상번호","영상명","영상업로드일시") values (3,69,'3번 매체의 69번 영상',to_date('20/10/22','RR/MM/DD'));
Insert into "매체별제공영상" ("매체번호","영상번호","영상명","영상업로드일시") values (3,70,'3번 매체의 70번 영상',to_date('20/10/23','RR/MM/DD'));
Insert into "매체별제공영상" ("매체번호","영상번호","영상명","영상업로드일시") values (3,71,'3번 매체의 71번 영상',to_date('20/10/24','RR/MM/DD'));
Insert into "매체별제공영상" ("매체번호","영상번호","영상명","영상업로드일시") values (3,72,'3번 매체의 72번 영상',to_date('20/10/25','RR/MM/DD'));
Insert into "매체별제공영상" ("매체번호","영상번호","영상명","영상업로드일시") values (3,73,'3번 매체의 73번 영상',to_date('20/10/26','RR/MM/DD'));
Insert into "매체별제공영상" ("매체번호","영상번호","영상명","영상업로드일시") values (3,74,'3번 매체의 74번 영상',to_date('20/10/27','RR/MM/DD'));
Insert into "매체별제공영상" ("매체번호","영상번호","영상명","영상업로드일시") values (3,75,'3번 매체의 75번 영상',to_date('20/10/28','RR/MM/DD'));
Insert into "매체별제공영상" ("매체번호","영상번호","영상명","영상업로드일시") values (3,76,'3번 매체의 76번 영상',to_date('20/10/29','RR/MM/DD'));
Insert into "매체별제공영상" ("매체번호","영상번호","영상명","영상업로드일시") values (3,77,'3번 매체의 77번 영상',to_date('20/10/30','RR/MM/DD'));
Insert into "매체별제공영상" ("매체번호","영상번호","영상명","영상업로드일시") values (3,78,'3번 매체의 78번 영상',to_date('20/10/31','RR/MM/DD'));
Insert into "매체별제공영상" ("매체번호","영상번호","영상명","영상업로드일시") values (3,79,'3번 매체의 79번 영상',to_date('20/11/01','RR/MM/DD'));
Insert into "매체별제공영상" ("매체번호","영상번호","영상명","영상업로드일시") values (3,80,'3번 매체의 80번 영상',to_date('20/11/02','RR/MM/DD'));
Insert into "매체별제공영상" ("매체번호","영상번호","영상명","영상업로드일시") values (3,81,'3번 매체의 81번 영상',to_date('20/11/03','RR/MM/DD'));
Insert into "매체별제공영상" ("매체번호","영상번호","영상명","영상업로드일시") values (3,82,'3번 매체의 82번 영상',to_date('20/11/04','RR/MM/DD'));
Insert into "매체별제공영상" ("매체번호","영상번호","영상명","영상업로드일시") values (3,83,'3번 매체의 83번 영상',to_date('20/11/05','RR/MM/DD'));
Insert into "매체별제공영상" ("매체번호","영상번호","영상명","영상업로드일시") values (3,84,'3번 매체의 84번 영상',to_date('20/11/06','RR/MM/DD'));
Insert into "매체별제공영상" ("매체번호","영상번호","영상명","영상업로드일시") values (3,85,'3번 매체의 85번 영상',to_date('20/11/07','RR/MM/DD'));
Insert into "매체별제공영상" ("매체번호","영상번호","영상명","영상업로드일시") values (3,86,'3번 매체의 86번 영상',to_date('20/11/08','RR/MM/DD'));
Insert into "매체별제공영상" ("매체번호","영상번호","영상명","영상업로드일시") values (3,87,'3번 매체의 87번 영상',to_date('20/11/09','RR/MM/DD'));
Insert into "매체별제공영상" ("매체번호","영상번호","영상명","영상업로드일시") values (3,88,'3번 매체의 88번 영상',to_date('20/11/10','RR/MM/DD'));
Insert into "매체별제공영상" ("매체번호","영상번호","영상명","영상업로드일시") values (3,89,'3번 매체의 89번 영상',to_date('20/11/11','RR/MM/DD'));
Insert into "매체별제공영상" ("매체번호","영상번호","영상명","영상업로드일시") values (3,90,'3번 매체의 90번 영상',to_date('20/11/12','RR/MM/DD'));
Insert into "매체별제공영상" ("매체번호","영상번호","영상명","영상업로드일시") values (3,91,'3번 매체의 91번 영상',to_date('20/11/13','RR/MM/DD'));
Insert into "매체별제공영상" ("매체번호","영상번호","영상명","영상업로드일시") values (3,92,'3번 매체의 92번 영상',to_date('20/11/14','RR/MM/DD'));
Insert into "매체별제공영상" ("매체번호","영상번호","영상명","영상업로드일시") values (3,93,'3번 매체의 93번 영상',to_date('20/11/15','RR/MM/DD'));
Insert into "매체별제공영상" ("매체번호","영상번호","영상명","영상업로드일시") values (3,94,'3번 매체의 94번 영상',to_date('20/11/16','RR/MM/DD'));
Insert into "매체별제공영상" ("매체번호","영상번호","영상명","영상업로드일시") values (3,95,'3번 매체의 95번 영상',to_date('20/11/17','RR/MM/DD'));
Insert into "매체별제공영상" ("매체번호","영상번호","영상명","영상업로드일시") values (3,96,'3번 매체의 96번 영상',to_date('20/11/18','RR/MM/DD'));
Insert into "매체별제공영상" ("매체번호","영상번호","영상명","영상업로드일시") values (3,97,'3번 매체의 97번 영상',to_date('20/11/19','RR/MM/DD'));
Insert into "매체별제공영상" ("매체번호","영상번호","영상명","영상업로드일시") values (3,98,'3번 매체의 98번 영상',to_date('20/11/20','RR/MM/DD'));
Insert into "매체별제공영상" ("매체번호","영상번호","영상명","영상업로드일시") values (3,99,'3번 매체의 99번 영상',to_date('20/11/21','RR/MM/DD'));
Insert into "매체별제공영상" ("매체번호","영상번호","영상명","영상업로드일시") values (3,100,'3번 매체의 100번 영상',to_date('20/11/22','RR/MM/DD'));
Insert into "매체별제공영상" ("매체번호","영상번호","영상명","영상업로드일시") values (4,1,'4번 매체의 1번 영상',to_date('20/11/23','RR/MM/DD'));
Insert into "매체별제공영상" ("매체번호","영상번호","영상명","영상업로드일시") values (4,2,'4번 매체의 2번 영상',to_date('20/11/24','RR/MM/DD'));
Insert into "매체별제공영상" ("매체번호","영상번호","영상명","영상업로드일시") values (4,3,'4번 매체의 3번 영상',to_date('20/11/25','RR/MM/DD'));
Insert into "매체별제공영상" ("매체번호","영상번호","영상명","영상업로드일시") values (4,4,'4번 매체의 4번 영상',to_date('20/11/26','RR/MM/DD'));
Insert into "매체별제공영상" ("매체번호","영상번호","영상명","영상업로드일시") values (4,5,'4번 매체의 5번 영상',to_date('20/11/27','RR/MM/DD'));
Insert into "매체별제공영상" ("매체번호","영상번호","영상명","영상업로드일시") values (4,6,'4번 매체의 6번 영상',to_date('20/11/28','RR/MM/DD'));
Insert into "매체별제공영상" ("매체번호","영상번호","영상명","영상업로드일시") values (4,7,'4번 매체의 7번 영상',to_date('20/11/29','RR/MM/DD'));
Insert into "매체별제공영상" ("매체번호","영상번호","영상명","영상업로드일시") values (4,8,'4번 매체의 8번 영상',to_date('20/11/30','RR/MM/DD'));
Insert into "매체별제공영상" ("매체번호","영상번호","영상명","영상업로드일시") values (4,9,'4번 매체의 9번 영상',to_date('20/12/01','RR/MM/DD'));
Insert into "매체별제공영상" ("매체번호","영상번호","영상명","영상업로드일시") values (4,10,'4번 매체의 10번 영상',to_date('20/12/02','RR/MM/DD'));
Insert into "매체별제공영상" ("매체번호","영상번호","영상명","영상업로드일시") values (4,11,'4번 매체의 11번 영상',to_date('20/12/03','RR/MM/DD'));
Insert into "매체별제공영상" ("매체번호","영상번호","영상명","영상업로드일시") values (4,12,'4번 매체의 12번 영상',to_date('20/12/04','RR/MM/DD'));
Insert into "매체별제공영상" ("매체번호","영상번호","영상명","영상업로드일시") values (4,13,'4번 매체의 13번 영상',to_date('20/12/05','RR/MM/DD'));
Insert into "매체별제공영상" ("매체번호","영상번호","영상명","영상업로드일시") values (4,14,'4번 매체의 14번 영상',to_date('20/12/06','RR/MM/DD'));
Insert into "매체별제공영상" ("매체번호","영상번호","영상명","영상업로드일시") values (4,15,'4번 매체의 15번 영상',to_date('20/12/07','RR/MM/DD'));
Insert into "매체별제공영상" ("매체번호","영상번호","영상명","영상업로드일시") values (4,16,'4번 매체의 16번 영상',to_date('20/12/08','RR/MM/DD'));
Insert into "매체별제공영상" ("매체번호","영상번호","영상명","영상업로드일시") values (4,17,'4번 매체의 17번 영상',to_date('20/12/09','RR/MM/DD'));
Insert into "매체별제공영상" ("매체번호","영상번호","영상명","영상업로드일시") values (4,18,'4번 매체의 18번 영상',to_date('20/12/10','RR/MM/DD'));
Insert into "매체별제공영상" ("매체번호","영상번호","영상명","영상업로드일시") values (4,19,'4번 매체의 19번 영상',to_date('20/12/11','RR/MM/DD'));
Insert into "매체별제공영상" ("매체번호","영상번호","영상명","영상업로드일시") values (4,20,'4번 매체의 20번 영상',to_date('20/12/12','RR/MM/DD'));
Insert into "매체별제공영상" ("매체번호","영상번호","영상명","영상업로드일시") values (4,21,'4번 매체의 21번 영상',to_date('20/12/13','RR/MM/DD'));
Insert into "매체별제공영상" ("매체번호","영상번호","영상명","영상업로드일시") values (4,22,'4번 매체의 22번 영상',to_date('20/12/14','RR/MM/DD'));
Insert into "매체별제공영상" ("매체번호","영상번호","영상명","영상업로드일시") values (4,23,'4번 매체의 23번 영상',to_date('20/12/15','RR/MM/DD'));
Insert into "매체별제공영상" ("매체번호","영상번호","영상명","영상업로드일시") values (4,24,'4번 매체의 24번 영상',to_date('20/12/16','RR/MM/DD'));
Insert into "매체별제공영상" ("매체번호","영상번호","영상명","영상업로드일시") values (4,25,'4번 매체의 25번 영상',to_date('20/12/17','RR/MM/DD'));
Insert into "매체별제공영상" ("매체번호","영상번호","영상명","영상업로드일시") values (4,26,'4번 매체의 26번 영상',to_date('20/12/18','RR/MM/DD'));
Insert into "매체별제공영상" ("매체번호","영상번호","영상명","영상업로드일시") values (4,27,'4번 매체의 27번 영상',to_date('20/12/19','RR/MM/DD'));
Insert into "매체별제공영상" ("매체번호","영상번호","영상명","영상업로드일시") values (4,28,'4번 매체의 28번 영상',to_date('20/12/20','RR/MM/DD'));
Insert into "매체별제공영상" ("매체번호","영상번호","영상명","영상업로드일시") values (4,29,'4번 매체의 29번 영상',to_date('20/12/21','RR/MM/DD'));
Insert into "매체별제공영상" ("매체번호","영상번호","영상명","영상업로드일시") values (4,30,'4번 매체의 30번 영상',to_date('20/12/22','RR/MM/DD'));
Insert into "매체별제공영상" ("매체번호","영상번호","영상명","영상업로드일시") values (4,31,'4번 매체의 31번 영상',to_date('20/12/23','RR/MM/DD'));
Insert into "매체별제공영상" ("매체번호","영상번호","영상명","영상업로드일시") values (4,32,'4번 매체의 32번 영상',to_date('20/12/24','RR/MM/DD'));
Insert into "매체별제공영상" ("매체번호","영상번호","영상명","영상업로드일시") values (4,33,'4번 매체의 33번 영상',to_date('20/12/25','RR/MM/DD'));
Insert into "매체별제공영상" ("매체번호","영상번호","영상명","영상업로드일시") values (4,34,'4번 매체의 34번 영상',to_date('20/12/26','RR/MM/DD'));
Insert into "매체별제공영상" ("매체번호","영상번호","영상명","영상업로드일시") values (4,35,'4번 매체의 35번 영상',to_date('20/12/27','RR/MM/DD'));
Insert into "매체별제공영상" ("매체번호","영상번호","영상명","영상업로드일시") values (4,36,'4번 매체의 36번 영상',to_date('20/12/28','RR/MM/DD'));
Insert into "매체별제공영상" ("매체번호","영상번호","영상명","영상업로드일시") values (4,37,'4번 매체의 37번 영상',to_date('20/12/29','RR/MM/DD'));
Insert into "매체별제공영상" ("매체번호","영상번호","영상명","영상업로드일시") values (4,38,'4번 매체의 38번 영상',to_date('20/12/30','RR/MM/DD'));
Insert into "매체별제공영상" ("매체번호","영상번호","영상명","영상업로드일시") values (4,39,'4번 매체의 39번 영상',to_date('20/12/31','RR/MM/DD'));
Insert into "매체별제공영상" ("매체번호","영상번호","영상명","영상업로드일시") values (4,40,'4번 매체의 40번 영상',to_date('21/01/01','RR/MM/DD'));
Insert into "매체별제공영상" ("매체번호","영상번호","영상명","영상업로드일시") values (4,41,'4번 매체의 41번 영상',to_date('21/01/02','RR/MM/DD'));
Insert into "매체별제공영상" ("매체번호","영상번호","영상명","영상업로드일시") values (4,42,'4번 매체의 42번 영상',to_date('21/01/03','RR/MM/DD'));
Insert into "매체별제공영상" ("매체번호","영상번호","영상명","영상업로드일시") values (4,43,'4번 매체의 43번 영상',to_date('21/01/04','RR/MM/DD'));
Insert into "매체별제공영상" ("매체번호","영상번호","영상명","영상업로드일시") values (4,44,'4번 매체의 44번 영상',to_date('21/01/05','RR/MM/DD'));
Insert into "매체별제공영상" ("매체번호","영상번호","영상명","영상업로드일시") values (4,45,'4번 매체의 45번 영상',to_date('21/01/06','RR/MM/DD'));
Insert into "매체별제공영상" ("매체번호","영상번호","영상명","영상업로드일시") values (4,46,'4번 매체의 46번 영상',to_date('21/01/07','RR/MM/DD'));
Insert into "매체별제공영상" ("매체번호","영상번호","영상명","영상업로드일시") values (4,47,'4번 매체의 47번 영상',to_date('21/01/08','RR/MM/DD'));
Insert into "매체별제공영상" ("매체번호","영상번호","영상명","영상업로드일시") values (4,48,'4번 매체의 48번 영상',to_date('21/01/09','RR/MM/DD'));
Insert into "매체별제공영상" ("매체번호","영상번호","영상명","영상업로드일시") values (4,49,'4번 매체의 49번 영상',to_date('21/01/10','RR/MM/DD'));
Insert into "매체별제공영상" ("매체번호","영상번호","영상명","영상업로드일시") values (4,50,'4번 매체의 50번 영상',to_date('21/01/11','RR/MM/DD'));
Insert into "매체별제공영상" ("매체번호","영상번호","영상명","영상업로드일시") values (4,51,'4번 매체의 51번 영상',to_date('21/01/12','RR/MM/DD'));
Insert into "매체별제공영상" ("매체번호","영상번호","영상명","영상업로드일시") values (4,52,'4번 매체의 52번 영상',to_date('21/01/13','RR/MM/DD'));
Insert into "매체별제공영상" ("매체번호","영상번호","영상명","영상업로드일시") values (4,53,'4번 매체의 53번 영상',to_date('21/01/14','RR/MM/DD'));
Insert into "매체별제공영상" ("매체번호","영상번호","영상명","영상업로드일시") values (4,54,'4번 매체의 54번 영상',to_date('21/01/15','RR/MM/DD'));
Insert into "매체별제공영상" ("매체번호","영상번호","영상명","영상업로드일시") values (4,55,'4번 매체의 55번 영상',to_date('21/01/16','RR/MM/DD'));
Insert into "매체별제공영상" ("매체번호","영상번호","영상명","영상업로드일시") values (4,56,'4번 매체의 56번 영상',to_date('21/01/17','RR/MM/DD'));
Insert into "매체별제공영상" ("매체번호","영상번호","영상명","영상업로드일시") values (4,57,'4번 매체의 57번 영상',to_date('21/01/18','RR/MM/DD'));
Insert into "매체별제공영상" ("매체번호","영상번호","영상명","영상업로드일시") values (4,58,'4번 매체의 58번 영상',to_date('21/01/19','RR/MM/DD'));
Insert into "매체별제공영상" ("매체번호","영상번호","영상명","영상업로드일시") values (4,59,'4번 매체의 59번 영상',to_date('21/01/20','RR/MM/DD'));
Insert into "매체별제공영상" ("매체번호","영상번호","영상명","영상업로드일시") values (4,60,'4번 매체의 60번 영상',to_date('21/01/21','RR/MM/DD'));
Insert into "매체별제공영상" ("매체번호","영상번호","영상명","영상업로드일시") values (4,61,'4번 매체의 61번 영상',to_date('21/01/22','RR/MM/DD'));
Insert into "매체별제공영상" ("매체번호","영상번호","영상명","영상업로드일시") values (4,62,'4번 매체의 62번 영상',to_date('21/01/23','RR/MM/DD'));
Insert into "매체별제공영상" ("매체번호","영상번호","영상명","영상업로드일시") values (4,63,'4번 매체의 63번 영상',to_date('21/01/24','RR/MM/DD'));
Insert into "매체별제공영상" ("매체번호","영상번호","영상명","영상업로드일시") values (4,64,'4번 매체의 64번 영상',to_date('21/01/25','RR/MM/DD'));
Insert into "매체별제공영상" ("매체번호","영상번호","영상명","영상업로드일시") values (4,65,'4번 매체의 65번 영상',to_date('21/01/26','RR/MM/DD'));
Insert into "매체별제공영상" ("매체번호","영상번호","영상명","영상업로드일시") values (4,66,'4번 매체의 66번 영상',to_date('21/01/27','RR/MM/DD'));
Insert into "매체별제공영상" ("매체번호","영상번호","영상명","영상업로드일시") values (4,67,'4번 매체의 67번 영상',to_date('21/01/28','RR/MM/DD'));
Insert into "매체별제공영상" ("매체번호","영상번호","영상명","영상업로드일시") values (4,68,'4번 매체의 68번 영상',to_date('21/01/29','RR/MM/DD'));
Insert into "매체별제공영상" ("매체번호","영상번호","영상명","영상업로드일시") values (4,69,'4번 매체의 69번 영상',to_date('21/01/30','RR/MM/DD'));
Insert into "매체별제공영상" ("매체번호","영상번호","영상명","영상업로드일시") values (4,70,'4번 매체의 70번 영상',to_date('21/01/31','RR/MM/DD'));
Insert into "매체별제공영상" ("매체번호","영상번호","영상명","영상업로드일시") values (4,71,'4번 매체의 71번 영상',to_date('21/02/01','RR/MM/DD'));
Insert into "매체별제공영상" ("매체번호","영상번호","영상명","영상업로드일시") values (4,72,'4번 매체의 72번 영상',to_date('21/02/02','RR/MM/DD'));
Insert into "매체별제공영상" ("매체번호","영상번호","영상명","영상업로드일시") values (4,73,'4번 매체의 73번 영상',to_date('21/02/03','RR/MM/DD'));
Insert into "매체별제공영상" ("매체번호","영상번호","영상명","영상업로드일시") values (4,74,'4번 매체의 74번 영상',to_date('21/02/04','RR/MM/DD'));
Insert into "매체별제공영상" ("매체번호","영상번호","영상명","영상업로드일시") values (4,75,'4번 매체의 75번 영상',to_date('21/02/05','RR/MM/DD'));
Insert into "매체별제공영상" ("매체번호","영상번호","영상명","영상업로드일시") values (4,76,'4번 매체의 76번 영상',to_date('21/02/06','RR/MM/DD'));
Insert into "매체별제공영상" ("매체번호","영상번호","영상명","영상업로드일시") values (4,77,'4번 매체의 77번 영상',to_date('21/02/07','RR/MM/DD'));
Insert into "매체별제공영상" ("매체번호","영상번호","영상명","영상업로드일시") values (4,78,'4번 매체의 78번 영상',to_date('21/02/08','RR/MM/DD'));
Insert into "매체별제공영상" ("매체번호","영상번호","영상명","영상업로드일시") values (4,79,'4번 매체의 79번 영상',to_date('21/02/09','RR/MM/DD'));
Insert into "매체별제공영상" ("매체번호","영상번호","영상명","영상업로드일시") values (4,80,'4번 매체의 80번 영상',to_date('21/02/10','RR/MM/DD'));
Insert into "매체별제공영상" ("매체번호","영상번호","영상명","영상업로드일시") values (4,81,'4번 매체의 81번 영상',to_date('21/02/11','RR/MM/DD'));
Insert into "매체별제공영상" ("매체번호","영상번호","영상명","영상업로드일시") values (4,82,'4번 매체의 82번 영상',to_date('21/02/12','RR/MM/DD'));
Insert into "매체별제공영상" ("매체번호","영상번호","영상명","영상업로드일시") values (4,83,'4번 매체의 83번 영상',to_date('21/02/13','RR/MM/DD'));
Insert into "매체별제공영상" ("매체번호","영상번호","영상명","영상업로드일시") values (4,84,'4번 매체의 84번 영상',to_date('21/02/14','RR/MM/DD'));
Insert into "매체별제공영상" ("매체번호","영상번호","영상명","영상업로드일시") values (4,85,'4번 매체의 85번 영상',to_date('21/02/15','RR/MM/DD'));
Insert into "매체별제공영상" ("매체번호","영상번호","영상명","영상업로드일시") values (4,86,'4번 매체의 86번 영상',to_date('21/02/16','RR/MM/DD'));
Insert into "매체별제공영상" ("매체번호","영상번호","영상명","영상업로드일시") values (4,87,'4번 매체의 87번 영상',to_date('21/02/17','RR/MM/DD'));
Insert into "매체별제공영상" ("매체번호","영상번호","영상명","영상업로드일시") values (4,88,'4번 매체의 88번 영상',to_date('21/02/18','RR/MM/DD'));
Insert into "매체별제공영상" ("매체번호","영상번호","영상명","영상업로드일시") values (4,89,'4번 매체의 89번 영상',to_date('21/02/19','RR/MM/DD'));
Insert into "매체별제공영상" ("매체번호","영상번호","영상명","영상업로드일시") values (4,90,'4번 매체의 90번 영상',to_date('21/02/20','RR/MM/DD'));
Insert into "매체별제공영상" ("매체번호","영상번호","영상명","영상업로드일시") values (4,91,'4번 매체의 91번 영상',to_date('21/02/21','RR/MM/DD'));
Insert into "매체별제공영상" ("매체번호","영상번호","영상명","영상업로드일시") values (4,92,'4번 매체의 92번 영상',to_date('21/02/22','RR/MM/DD'));
Insert into "매체별제공영상" ("매체번호","영상번호","영상명","영상업로드일시") values (4,93,'4번 매체의 93번 영상',to_date('21/02/23','RR/MM/DD'));
Insert into "매체별제공영상" ("매체번호","영상번호","영상명","영상업로드일시") values (4,94,'4번 매체의 94번 영상',to_date('21/02/24','RR/MM/DD'));
Insert into "매체별제공영상" ("매체번호","영상번호","영상명","영상업로드일시") values (4,95,'4번 매체의 95번 영상',to_date('21/02/25','RR/MM/DD'));
Insert into "매체별제공영상" ("매체번호","영상번호","영상명","영상업로드일시") values (4,96,'4번 매체의 96번 영상',to_date('21/02/26','RR/MM/DD'));
Insert into "매체별제공영상" ("매체번호","영상번호","영상명","영상업로드일시") values (4,97,'4번 매체의 97번 영상',to_date('21/02/27','RR/MM/DD'));
Insert into "매체별제공영상" ("매체번호","영상번호","영상명","영상업로드일시") values (4,98,'4번 매체의 98번 영상',to_date('21/02/28','RR/MM/DD'));
Insert into "매체별제공영상" ("매체번호","영상번호","영상명","영상업로드일시") values (4,99,'4번 매체의 99번 영상',to_date('21/03/01','RR/MM/DD'));
Insert into "매체별제공영상" ("매체번호","영상번호","영상명","영상업로드일시") values (4,100,'4번 매체의 100번 영상',to_date('21/03/02','RR/MM/DD'));
REM INSERTING into "스트리밍매체"
SET DEFINE OFF;
Insert into "스트리밍매체" ("매체번호","매체명","매체생성일시") values (1,'매체1',to_date('21/01/27','RR/MM/DD'));
Insert into "스트리밍매체" ("매체번호","매체명","매체생성일시") values (2,'매체2',to_date('21/10/19','RR/MM/DD'));
Insert into "스트리밍매체" ("매체번호","매체명","매체생성일시") values (3,'매체3',to_date('22/01/17','RR/MM/DD'));
Insert into "스트리밍매체" ("매체번호","매체명","매체생성일시") values (4,'매체4',to_date('22/01/26','RR/MM/DD'));
REM INSERTING into "시청기록"
SET DEFINE OFF;
Insert into "시청기록" ("고객번호","매체번호","영상번호","시청일시","영상길이") values ('0001',1,1,to_date('21/08/05','RR/MM/DD'),10);
Insert into "시청기록" ("고객번호","매체번호","영상번호","시청일시","영상길이") values ('0001',1,2,to_date('21/08/06','RR/MM/DD'),20);
Insert into "시청기록" ("고객번호","매체번호","영상번호","시청일시","영상길이") values ('0001',1,3,to_date('21/08/07','RR/MM/DD'),30);
Insert into "시청기록" ("고객번호","매체번호","영상번호","시청일시","영상길이") values ('0001',1,4,to_date('21/08/08','RR/MM/DD'),40);
Insert into "시청기록" ("고객번호","매체번호","영상번호","시청일시","영상길이") values ('0002',1,1,to_date('21/08/09','RR/MM/DD'),50);
Insert into "시청기록" ("고객번호","매체번호","영상번호","시청일시","영상길이") values ('0002',1,2,to_date('21/08/10','RR/MM/DD'),60);
Insert into "시청기록" ("고객번호","매체번호","영상번호","시청일시","영상길이") values ('0002',1,3,to_date('21/08/11','RR/MM/DD'),70);
Insert into "시청기록" ("고객번호","매체번호","영상번호","시청일시","영상길이") values ('0002',1,4,to_date('21/08/12','RR/MM/DD'),80);
Insert into "시청기록" ("고객번호","매체번호","영상번호","시청일시","영상길이") values ('0003',1,1,to_date('21/08/13','RR/MM/DD'),90);
Insert into "시청기록" ("고객번호","매체번호","영상번호","시청일시","영상길이") values ('0003',1,2,to_date('21/08/14','RR/MM/DD'),100);
Insert into "시청기록" ("고객번호","매체번호","영상번호","시청일시","영상길이") values ('0003',1,3,to_date('21/08/15','RR/MM/DD'),110);
Insert into "시청기록" ("고객번호","매체번호","영상번호","시청일시","영상길이") values ('0003',1,4,to_date('21/08/16','RR/MM/DD'),120);
REM INSERTING into "시청기록이력"
SET DEFINE OFF;
Insert into "시청기록이력" ("고객번호","매체번호","영상번호","시청일시","영상길이","덤프회차") values ('0001',1,1,to_date('21/08/05','RR/MM/DD'),10,'1');
Insert into "시청기록이력" ("고객번호","매체번호","영상번호","시청일시","영상길이","덤프회차") values ('0001',1,2,to_date('21/08/06','RR/MM/DD'),20,'1');
Insert into "시청기록이력" ("고객번호","매체번호","영상번호","시청일시","영상길이","덤프회차") values ('0001',1,3,to_date('21/08/07','RR/MM/DD'),30,'1');
Insert into "시청기록이력" ("고객번호","매체번호","영상번호","시청일시","영상길이","덤프회차") values ('0001',1,4,to_date('21/08/08','RR/MM/DD'),40,'1');
Insert into "시청기록이력" ("고객번호","매체번호","영상번호","시청일시","영상길이","덤프회차") values ('0002',1,1,to_date('21/08/09','RR/MM/DD'),50,'1');
Insert into "시청기록이력" ("고객번호","매체번호","영상번호","시청일시","영상길이","덤프회차") values ('0002',1,2,to_date('21/08/10','RR/MM/DD'),60,'1');
Insert into "시청기록이력" ("고객번호","매체번호","영상번호","시청일시","영상길이","덤프회차") values ('0002',1,3,to_date('21/08/11','RR/MM/DD'),70,'1');
Insert into "시청기록이력" ("고객번호","매체번호","영상번호","시청일시","영상길이","덤프회차") values ('0002',1,4,to_date('21/08/12','RR/MM/DD'),80,'1');
Insert into "시청기록이력" ("고객번호","매체번호","영상번호","시청일시","영상길이","덤프회차") values ('0003',1,1,to_date('21/08/13','RR/MM/DD'),90,'1');
Insert into "시청기록이력" ("고객번호","매체번호","영상번호","시청일시","영상길이","덤프회차") values ('0003',1,2,to_date('21/08/14','RR/MM/DD'),100,'1');
Insert into "시청기록이력" ("고객번호","매체번호","영상번호","시청일시","영상길이","덤프회차") values ('0003',1,3,to_date('21/08/15','RR/MM/DD'),110,'1');
Insert into "시청기록이력" ("고객번호","매체번호","영상번호","시청일시","영상길이","덤프회차") values ('0003',1,4,to_date('21/08/16','RR/MM/DD'),120,'1');
--------------------------------------------------------
--  DDL for Index SYS_C008777
--------------------------------------------------------

  CREATE UNIQUE INDEX "SYS_C008777" ON "고객" ("고객번호") 
  ;
--------------------------------------------------------
--  DDL for Index 고객전화번호_PK
--------------------------------------------------------

  CREATE UNIQUE INDEX "고객전화번호_PK" ON "고객전화번호" ("고객번호", "전화구분코드") 
  ;
--------------------------------------------------------
--  DDL for Index 고객전화번호이력_PK
--------------------------------------------------------

  CREATE UNIQUE INDEX "고객전화번호이력_PK" ON "고객전화번호이력" ("고객번호", "전화구분코드", "전화번호순번") 
  ;
--------------------------------------------------------
--  DDL for Index 고객주소_PK
--------------------------------------------------------

  CREATE UNIQUE INDEX "고객주소_PK" ON "고객주소" ("고객번호", "주소구분코드") 
  ;
--------------------------------------------------------
--  DDL for Index 고객주소이력_PK
--------------------------------------------------------

  CREATE UNIQUE INDEX "고객주소이력_PK" ON "고객주소이력" ("고객번호", "주소구분코드", "주소순번") 
  ;
--------------------------------------------------------
--  DDL for Index 매체별제공영상_PK
--------------------------------------------------------

  CREATE UNIQUE INDEX "매체별제공영상_PK" ON "매체별제공영상" ("매체번호", "영상번호") 
  ;
--------------------------------------------------------
--  DDL for Index SYS_C008756
--------------------------------------------------------

  CREATE UNIQUE INDEX "SYS_C008756" ON "스트리밍매체" ("매체번호") 
  ;
--------------------------------------------------------
--  DDL for Index 시청기록_PK
--------------------------------------------------------

  CREATE UNIQUE INDEX "시청기록_PK" ON "시청기록" ("고객번호", "매체번호", "영상번호") 
  ;
--------------------------------------------------------
--  DDL for Index 시청기록이력_PK
--------------------------------------------------------

  CREATE UNIQUE INDEX "시청기록이력_PK" ON "시청기록이력" ("고객번호", "매체번호", "영상번호", "덤프회차") 
  ;
--------------------------------------------------------
--  Constraints for Table 고객
--------------------------------------------------------

  ALTER TABLE "고객" MODIFY ("고객명" NOT NULL ENABLE);
  ALTER TABLE "고객" MODIFY ("생년월일" NOT NULL ENABLE);
  ALTER TABLE "고객" MODIFY ("생성일시" NOT NULL ENABLE);
  ALTER TABLE "고객" ADD PRIMARY KEY ("고객번호")
  USING INDEX  ENABLE;
--------------------------------------------------------
--  Constraints for Table 고객전화번호
--------------------------------------------------------

  ALTER TABLE "고객전화번호" MODIFY ("고객번호" NOT NULL ENABLE);
  ALTER TABLE "고객전화번호" MODIFY ("전화구분코드" NOT NULL ENABLE);
  ALTER TABLE "고객전화번호" MODIFY ("전화번호" NOT NULL ENABLE);
  ALTER TABLE "고객전화번호" MODIFY ("생성일시" NOT NULL ENABLE);
  ALTER TABLE "고객전화번호" ADD CONSTRAINT "고객전화번호_PK" PRIMARY KEY ("고객번호", "전화구분코드")
  USING INDEX  ENABLE;
--------------------------------------------------------
--  Constraints for Table 고객전화번호이력
--------------------------------------------------------

  ALTER TABLE "고객전화번호이력" MODIFY ("고객번호" NOT NULL ENABLE);
  ALTER TABLE "고객전화번호이력" MODIFY ("전화구분코드" NOT NULL ENABLE);
  ALTER TABLE "고객전화번호이력" MODIFY ("전화번호순번" NOT NULL ENABLE);
  ALTER TABLE "고객전화번호이력" MODIFY ("전화번호" NOT NULL ENABLE);
  ALTER TABLE "고객전화번호이력" MODIFY ("생성일시" NOT NULL ENABLE);
  ALTER TABLE "고객전화번호이력" ADD CONSTRAINT "고객전화번호이력_PK" PRIMARY KEY ("고객번호", "전화구분코드", "전화번호순번")
  USING INDEX  ENABLE;
--------------------------------------------------------
--  Constraints for Table 고객주소
--------------------------------------------------------

  ALTER TABLE "고객주소" MODIFY ("고객번호" NOT NULL ENABLE);
  ALTER TABLE "고객주소" MODIFY ("주소구분코드" NOT NULL ENABLE);
  ALTER TABLE "고객주소" MODIFY ("고객주소" NOT NULL ENABLE);
  ALTER TABLE "고객주소" MODIFY ("생성일시" NOT NULL ENABLE);
  ALTER TABLE "고객주소" ADD CONSTRAINT "고객주소_PK" PRIMARY KEY ("고객번호", "주소구분코드")
  USING INDEX  ENABLE;
--------------------------------------------------------
--  Constraints for Table 고객주소이력
--------------------------------------------------------

  ALTER TABLE "고객주소이력" MODIFY ("고객번호" NOT NULL ENABLE);
  ALTER TABLE "고객주소이력" MODIFY ("주소구분코드" NOT NULL ENABLE);
  ALTER TABLE "고객주소이력" MODIFY ("주소순번" NOT NULL ENABLE);
  ALTER TABLE "고객주소이력" MODIFY ("생성일시" NOT NULL ENABLE);
  ALTER TABLE "고객주소이력" ADD CONSTRAINT "고객주소이력_PK" PRIMARY KEY ("고객번호", "주소구분코드", "주소순번")
  USING INDEX  ENABLE;
--------------------------------------------------------
--  Constraints for Table 매체별제공영상
--------------------------------------------------------

  ALTER TABLE "매체별제공영상" ADD CONSTRAINT "매체별제공영상_PK" PRIMARY KEY ("매체번호", "영상번호")
  USING INDEX  ENABLE;
  ALTER TABLE "매체별제공영상" MODIFY ("매체번호" NOT NULL ENABLE);
  ALTER TABLE "매체별제공영상" MODIFY ("영상번호" NOT NULL ENABLE);
  ALTER TABLE "매체별제공영상" MODIFY ("영상명" NOT NULL ENABLE);
  ALTER TABLE "매체별제공영상" MODIFY ("영상업로드일시" NOT NULL ENABLE);
--------------------------------------------------------
--  Constraints for Table 스트리밍매체
--------------------------------------------------------

  ALTER TABLE "스트리밍매체" MODIFY ("매체번호" NOT NULL ENABLE);
  ALTER TABLE "스트리밍매체" MODIFY ("매체명" NOT NULL ENABLE);
  ALTER TABLE "스트리밍매체" MODIFY ("매체생성일시" NOT NULL ENABLE);
  ALTER TABLE "스트리밍매체" ADD PRIMARY KEY ("매체번호")
  USING INDEX  ENABLE;
--------------------------------------------------------
--  Constraints for Table 시청기록
--------------------------------------------------------

  ALTER TABLE "시청기록" ADD CONSTRAINT "시청기록_PK" PRIMARY KEY ("고객번호", "매체번호", "영상번호")
  USING INDEX  ENABLE;
  ALTER TABLE "시청기록" MODIFY ("고객번호" NOT NULL ENABLE);
  ALTER TABLE "시청기록" MODIFY ("매체번호" NOT NULL ENABLE);
  ALTER TABLE "시청기록" MODIFY ("영상번호" NOT NULL ENABLE);
--------------------------------------------------------
--  Constraints for Table 시청기록이력
--------------------------------------------------------

  ALTER TABLE "시청기록이력" MODIFY ("고객번호" NOT NULL ENABLE);
  ALTER TABLE "시청기록이력" MODIFY ("매체번호" NOT NULL ENABLE);
  ALTER TABLE "시청기록이력" MODIFY ("영상번호" NOT NULL ENABLE);
  ALTER TABLE "시청기록이력" MODIFY ("덤프회차" NOT NULL ENABLE);
  ALTER TABLE "시청기록이력" ADD CONSTRAINT "시청기록이력_PK" PRIMARY KEY ("고객번호", "매체번호", "영상번호", "덤프회차")
  USING INDEX  ENABLE;
--------------------------------------------------------
--  Ref Constraints for Table 고객전화번호
--------------------------------------------------------

  ALTER TABLE "고객전화번호" ADD CONSTRAINT "고객전화번호_FK" FOREIGN KEY ("고객번호")
	  REFERENCES "고객" ("고객번호") ENABLE;
--------------------------------------------------------
--  Ref Constraints for Table 고객주소
--------------------------------------------------------

  ALTER TABLE "고객주소" ADD CONSTRAINT "고객주소_FK" FOREIGN KEY ("고객번호")
	  REFERENCES "고객" ("고객번호") ENABLE;
--------------------------------------------------------
--  Ref Constraints for Table 매체별제공영상
--------------------------------------------------------

  ALTER TABLE "매체별제공영상" ADD CONSTRAINT "매체별제공영상_FK" FOREIGN KEY ("매체번호")
	  REFERENCES "스트리밍매체" ("매체번호") ON DELETE CASCADE ENABLE;
--------------------------------------------------------
--  Ref Constraints for Table 시청기록
--------------------------------------------------------

  ALTER TABLE "시청기록" ADD CONSTRAINT "시청기록_고객_FK" FOREIGN KEY ("고객번호")
	  REFERENCES "고객" ("고객번호") ON DELETE CASCADE ENABLE;
  ALTER TABLE "시청기록" ADD CONSTRAINT "시청기록_매체_FK" FOREIGN KEY ("매체번호", "영상번호")
	  REFERENCES "매체별제공영상" ("매체번호", "영상번호") ON DELETE CASCADE ENABLE;
